-- MySQL dump 10.13  Distrib 9.2.0, for Linux (x86_64)
--
-- Host: localhost    Database: myServer
-- ------------------------------------------------------
-- Server version	9.2.0

/*!40101 SET @OLD_CHARACTER_SET_CLIENT=@@CHARACTER_SET_CLIENT */;
/*!40101 SET @OLD_CHARACTER_SET_RESULTS=@@CHARACTER_SET_RESULTS */;
/*!40101 SET @OLD_COLLATION_CONNECTION=@@COLLATION_CONNECTION */;
/*!50503 SET NAMES utf8mb4 */;
/*!40103 SET @OLD_TIME_ZONE=@@TIME_ZONE */;
/*!40103 SET TIME_ZONE='+00:00' */;
/*!40014 SET @OLD_UNIQUE_CHECKS=@@UNIQUE_CHECKS, UNIQUE_CHECKS=0 */;
/*!40014 SET @OLD_FOREIGN_KEY_CHECKS=@@FOREIGN_KEY_CHECKS, FOREIGN_KEY_CHECKS=0 */;
/*!40101 SET @OLD_SQL_MODE=@@SQL_MODE, SQL_MODE='NO_AUTO_VALUE_ON_ZERO' */;
/*!40111 SET @OLD_SQL_NOTES=@@SQL_NOTES, SQL_NOTES=0 */;

--
-- Table structure for table `account`
--

DROP TABLE IF EXISTS `account`;
/*!40101 SET @saved_cs_client     = @@character_set_client */;
/*!50503 SET character_set_client = utf8mb4 */;
CREATE TABLE `account` (
  `id` varchar(255) NOT NULL,
  `balance` decimal(19,2) DEFAULT NULL,
  `name` varchar(255) DEFAULT NULL,
  `rollover` decimal(19,2) DEFAULT NULL,
  `type` varchar(255) DEFAULT NULL,
  `parent_id` varchar(255) DEFAULT NULL,
  PRIMARY KEY (`id`),
  KEY `FKsx8nx0ugqfe6y25297f2ge0r0` (`parent_id`),
  CONSTRAINT `FKsx8nx0ugqfe6y25297f2ge0r0` FOREIGN KEY (`parent_id`) REFERENCES `parent_category` (`id`)
) ENGINE=InnoDB DEFAULT CHARSET=utf8mb4 COLLATE=utf8mb4_0900_ai_ci;
/*!40101 SET character_set_client = @saved_cs_client */;

--
-- Dumping data for table `account`
--

LOCK TABLES `account` WRITE;
/*!40000 ALTER TABLE `account` DISABLE KEYS */;
INSERT INTO `account` VALUES ('15a9122d-08b8-11f0-81e2-1a4ded7af470',0.00,'Citi Double Cash Back',-5564.38,'Actual','1598a03b-08b8-11f0-81e2-1a4ded7af470'),('15a9897b-08b8-11f0-81e2-1a4ded7af470',0.00,'Discover It Credit Card',0.00,'Actual','1598a03b-08b8-11f0-81e2-1a4ded7af470'),('15a9f87a-08b8-11f0-81e2-1a4ded7af470',0.00,'Capital One Savor',-353.48,'Actual','1598a03b-08b8-11f0-81e2-1a4ded7af470'),('15aa646c-08b8-11f0-81e2-1a4ded7af470',-275.84,'AMEX Blue Cash',0.00,'Actual','1598a03b-08b8-11f0-81e2-1a4ded7af470'),('15aae0a2-08b8-11f0-81e2-1a4ded7af470',0.00,'Syds AMEX',0.00,'Actual','1598a03b-08b8-11f0-81e2-1a4ded7af470'),('15ab4ef1-08b8-11f0-81e2-1a4ded7af470',0.00,'BofA Cash Card',-5897.71,'Actual','1598a03b-08b8-11f0-81e2-1a4ded7af470'),('15abbc2e-08b8-11f0-81e2-1a4ded7af470',3073.62,'Amazon Store Card',-2025.45,'Actual','1598a03b-08b8-11f0-81e2-1a4ded7af470'),('15ac28f0-08b8-11f0-81e2-1a4ded7af470',0.00,'Jet Blue CC',-5692.82,'Actual','1598a03b-08b8-11f0-81e2-1a4ded7af470'),('15acb917-08b8-11f0-81e2-1a4ded7af470',0.00,'Chase Sapphire',0.00,'Actual','1598a03b-08b8-11f0-81e2-1a4ded7af470'),('15ad466b-08b8-11f0-81e2-1a4ded7af470',0.00,'Instacart Card',-42.13,'Actual','1598a03b-08b8-11f0-81e2-1a4ded7af470'),('15adace5-08b8-11f0-81e2-1a4ded7af470',0.00,'TD Cash Card',0.00,'Actual','1598a03b-08b8-11f0-81e2-1a4ded7af470'),('15ae1414-08b8-11f0-81e2-1a4ded7af470',-28.92,'Apple Card',-239.35,'Actual','1598a03b-08b8-11f0-81e2-1a4ded7af470'),('15aeb280-08b8-11f0-81e2-1a4ded7af470',0.00,'Wells Fargo Card',0.00,'Actual','1598a03b-08b8-11f0-81e2-1a4ded7af470'),('15af4855-08b8-11f0-81e2-1a4ded7af470',0.00,'Capital One Quicksilver',0.00,'Actual','1598a03b-08b8-11f0-81e2-1a4ded7af470'),('15aff149-08b8-11f0-81e2-1a4ded7af470',0.00,'TJX Rewards Card',0.00,'Actual','1598a03b-08b8-11f0-81e2-1a4ded7af470'),('15b09b89-08b8-11f0-81e2-1a4ded7af470',0.00,'Costco Citi Card',-1469.91,'Actual','1598a03b-08b8-11f0-81e2-1a4ded7af470'),('15b171dd-08b8-11f0-81e2-1a4ded7af470',0.00,'Costco Citi - Syd',-52.85,'Actual','1598a03b-08b8-11f0-81e2-1a4ded7af470'),('15b24dfc-08b8-11f0-81e2-1a4ded7af470',0.00,'Venmo',0.00,'Actual','159a0897-08b8-11f0-81e2-1a4ded7af470'),('15b2e15b-08b8-11f0-81e2-1a4ded7af470',0.00,'SquareCash',0.00,'Actual','159a0897-08b8-11f0-81e2-1a4ded7af470'),('15b3b94b-08b8-11f0-81e2-1a4ded7af470',0.00,'Cashback - Citi',378.73,'Actual','159a0897-08b8-11f0-81e2-1a4ded7af470'),('15b44a2e-08b8-11f0-81e2-1a4ded7af470',0.00,'Cashback - Discover',143.52,'Actual','159a0897-08b8-11f0-81e2-1a4ded7af470'),('15b4c44a-08b8-11f0-81e2-1a4ded7af470',0.00,'Cashback - Savor',260.98,'Actual','159a0897-08b8-11f0-81e2-1a4ded7af470'),('15b55e52-08b8-11f0-81e2-1a4ded7af470',0.00,'Cashback - AMEX',185.08,'Actual','159a0897-08b8-11f0-81e2-1a4ded7af470'),('15b69302-08b8-11f0-81e2-1a4ded7af470',0.00,'Cashback - TD',0.00,'Actual','159a0897-08b8-11f0-81e2-1a4ded7af470'),('15b76893-08b8-11f0-81e2-1a4ded7af470',0.00,'Cashback - Amazon Card',121.94,'Actual','159a0897-08b8-11f0-81e2-1a4ded7af470'),('15b8468b-08b8-11f0-81e2-1a4ded7af470',0.00,'Cashback - B of A',416.93,'Actual','159a0897-08b8-11f0-81e2-1a4ded7af470'),('15b8f6bc-08b8-11f0-81e2-1a4ded7af470',0.00,'Cashback - Citi Costco',0.00,'Actual','159a0897-08b8-11f0-81e2-1a4ded7af470'),('15b97db2-08b8-11f0-81e2-1a4ded7af470',0.00,'Paypal',0.00,'Actual','159a0897-08b8-11f0-81e2-1a4ded7af470'),('15ba2c9c-08b8-11f0-81e2-1a4ded7af470',0.00,'Vanguard',20000.00,'Actual','159ac574-08b8-11f0-81e2-1a4ded7af470'),('15bae49a-08b8-11f0-81e2-1a4ded7af470',0.00,'TD Bank',1551.40,'Actual','159a0897-08b8-11f0-81e2-1a4ded7af470'),('15bb9001-08b8-11f0-81e2-1a4ded7af470',0.00,'NASA Share Savings',283.60,'Actual','159a0897-08b8-11f0-81e2-1a4ded7af470'),('15bcc776-08b8-11f0-81e2-1a4ded7af470',0.00,'Treasury Direct',0.00,'Actual','159ac574-08b8-11f0-81e2-1a4ded7af470'),('15bebc64-08b8-11f0-81e2-1a4ded7af470',0.00,'Tower FCU Savings',55.96,'Actual','159a0897-08b8-11f0-81e2-1a4ded7af470'),('15c0619b-08b8-11f0-81e2-1a4ded7af470',-26013.66,'Capital One Checking',31861.53,'Actual','159a0897-08b8-11f0-81e2-1a4ded7af470'),('15c12c62-08b8-11f0-81e2-1a4ded7af470',334.88,'Capital One Savings',26574.52,'Actual','159a0897-08b8-11f0-81e2-1a4ded7af470'),('15c1d385-08b8-11f0-81e2-1a4ded7af470',0.00,'HSA',0.00,'Actual','159a0897-08b8-11f0-81e2-1a4ded7af470'),('15c25b5e-08b8-11f0-81e2-1a4ded7af470',3398.13,'401k',21337.96,'Actual','159ac574-08b8-11f0-81e2-1a4ded7af470'),('15c33d24-08b8-11f0-81e2-1a4ded7af470',3060.80,'401k - Syd',18231.53,'Actual','159ac574-08b8-11f0-81e2-1a4ded7af470'),('15c3cbce-08b8-11f0-81e2-1a4ded7af470',1137.50,'HSA',0.00,'Actual','159a0897-08b8-11f0-81e2-1a4ded7af470'),('15c48590-08b8-11f0-81e2-1a4ded7af470',0.00,'Chase Sapphire - Syd',0.00,'Actual','1598a03b-08b8-11f0-81e2-1a4ded7af470'),('15c52020-08b8-11f0-81e2-1a4ded7af470',0.00,'Chase Sapphire',NULL,'Actual','1598a03b-08b8-11f0-81e2-1a4ded7af470'),('15c639f9-08b8-11f0-81e2-1a4ded7af470',1116.90,'Groceries',NULL,'Paper','159b5e87-08b8-11f0-81e2-1a4ded7af470'),('15c6c868-08b8-11f0-81e2-1a4ded7af470',0.00,'Dry cleaning',NULL,'Paper','159b5e87-08b8-11f0-81e2-1a4ded7af470'),('15c76cf4-08b8-11f0-81e2-1a4ded7af470',170.20,'Dining Out',NULL,'Paper','159b5e87-08b8-11f0-81e2-1a4ded7af470'),('15c83c0e-08b8-11f0-81e2-1a4ded7af470',117.82,'Delivery/ Carry-Out',NULL,'Paper','159b5e87-08b8-11f0-81e2-1a4ded7af470'),('15c8e2aa-08b8-11f0-81e2-1a4ded7af470',106.26,'Snacks',NULL,'Paper','159b5e87-08b8-11f0-81e2-1a4ded7af470'),('15c970d9-08b8-11f0-81e2-1a4ded7af470',24.12,'Coffee Shops',NULL,'Paper','159b5e87-08b8-11f0-81e2-1a4ded7af470'),('15ca3f89-08b8-11f0-81e2-1a4ded7af470',180.05,'Camper',NULL,'Paper','159c4194-08b8-11f0-81e2-1a4ded7af470'),('15caef49-08b8-11f0-81e2-1a4ded7af470',0.00,'Camping',NULL,'Paper','159c4194-08b8-11f0-81e2-1a4ded7af470'),('15cb8429-08b8-11f0-81e2-1a4ded7af470',0.00,'Movies/plays',NULL,'Paper','159c4194-08b8-11f0-81e2-1a4ded7af470'),('15cc1a7f-08b8-11f0-81e2-1a4ded7af470',0.00,'Concerts/clubs',NULL,'Paper','159c4194-08b8-11f0-81e2-1a4ded7af470'),('15ccfd43-08b8-11f0-81e2-1a4ded7af470',0.00,'Massage',NULL,'Paper','159c4194-08b8-11f0-81e2-1a4ded7af470'),('15cda7ad-08b8-11f0-81e2-1a4ded7af470',-134.21,'Electronics',NULL,'Paper','159c4194-08b8-11f0-81e2-1a4ded7af470'),('15ce2c8d-08b8-11f0-81e2-1a4ded7af470',0.00,'Archery',NULL,'Paper','159c4194-08b8-11f0-81e2-1a4ded7af470'),('15ceb66b-08b8-11f0-81e2-1a4ded7af470',1275.42,'Activities',NULL,'Paper','159c4194-08b8-11f0-81e2-1a4ded7af470'),('15cf7df6-08b8-11f0-81e2-1a4ded7af470',0.00,'Alcohol/Bars',NULL,'Paper','159c4194-08b8-11f0-81e2-1a4ded7af470'),('15d0284e-08b8-11f0-81e2-1a4ded7af470',312.08,'Volleyball',NULL,'Paper','159c4194-08b8-11f0-81e2-1a4ded7af470'),('15d121c8-08b8-11f0-81e2-1a4ded7af470',266.00,'D&D',NULL,'Paper','159c4194-08b8-11f0-81e2-1a4ded7af470'),('15d1f332-08b8-11f0-81e2-1a4ded7af470',0.00,'Crafts',NULL,'Paper','159c4194-08b8-11f0-81e2-1a4ded7af470'),('15d2aa67-08b8-11f0-81e2-1a4ded7af470',0.00,'Movie Rentals',NULL,'Paper','159c4194-08b8-11f0-81e2-1a4ded7af470'),('15d33710-08b8-11f0-81e2-1a4ded7af470',279.74,'Doctor Visit',NULL,'Paper','159cc1fb-08b8-11f0-81e2-1a4ded7af470'),('15d3c8f6-08b8-11f0-81e2-1a4ded7af470',120.23,'Nutritional Items',NULL,'Paper','159cc1fb-08b8-11f0-81e2-1a4ded7af470'),('15d735e4-08b8-11f0-81e2-1a4ded7af470',290.00,'Cleaning Service',NULL,'Paper','159cc1fb-08b8-11f0-81e2-1a4ded7af470'),('15ddaf8b-08b8-11f0-81e2-1a4ded7af470',38.01,'Pharmacy',NULL,'Paper','159cc1fb-08b8-11f0-81e2-1a4ded7af470'),('15e3d69c-08b8-11f0-81e2-1a4ded7af470',0.00,'Health',NULL,'Paper','159cc1fb-08b8-11f0-81e2-1a4ded7af470'),('15e571e5-08b8-11f0-81e2-1a4ded7af470',12101.04,'MITRE',NULL,'Income','159d490c-08b8-11f0-81e2-1a4ded7af470'),('15e5edb2-08b8-11f0-81e2-1a4ded7af470',650.00,'MITRE Contr.',NULL,'Income','159d490c-08b8-11f0-81e2-1a4ded7af470'),('15e65aee-08b8-11f0-81e2-1a4ded7af470',10304.08,'Ncyber',NULL,'Income','159d490c-08b8-11f0-81e2-1a4ded7af470'),('15e7227b-08b8-11f0-81e2-1a4ded7af470',1267.78,'Ncyber Contr.',NULL,'Income','159d490c-08b8-11f0-81e2-1a4ded7af470'),('15e7a1f3-08b8-11f0-81e2-1a4ded7af470',115.00,'Various Income',NULL,'Income','15a81ae4-08b8-11f0-81e2-1a4ded7af470'),('15e845c0-08b8-11f0-81e2-1a4ded7af470',0.00,'Volleyball Winnings',NULL,'Income','15a81ae4-08b8-11f0-81e2-1a4ded7af470'),('15e9a1ba-08b8-11f0-81e2-1a4ded7af470',11.32,'Savings Interest',NULL,'Income','15a779a8-08b8-11f0-81e2-1a4ded7af470'),('15eb22a2-08b8-11f0-81e2-1a4ded7af470',4.78,'Checking Interest',NULL,'Income','15a779a8-08b8-11f0-81e2-1a4ded7af470'),('15ec4fe6-08b8-11f0-81e2-1a4ded7af470',0.00,'Gifts-R',NULL,'Income','15a81ae4-08b8-11f0-81e2-1a4ded7af470'),('15ed2328-08b8-11f0-81e2-1a4ded7af470',0.00,'Cashback',NULL,'Income','15a81ae4-08b8-11f0-81e2-1a4ded7af470'),('15edb3b9-08b8-11f0-81e2-1a4ded7af470',0.00,'Auto Insurance',NULL,'Paper','159ea627-08b8-11f0-81e2-1a4ded7af470'),('15ee7388-08b8-11f0-81e2-1a4ded7af470',0.00,'Audible',NULL,'Paper','159ea627-08b8-11f0-81e2-1a4ded7af470'),('15eeeea3-08b8-11f0-81e2-1a4ded7af470',2487.68,'Mortgage',NULL,'Paper','159ea627-08b8-11f0-81e2-1a4ded7af470'),('15ef618d-08b8-11f0-81e2-1a4ded7af470',301.49,'BGE',NULL,'Paper','159ea627-08b8-11f0-81e2-1a4ded7af470'),('15f0c1ad-08b8-11f0-81e2-1a4ded7af470',0.00,'Water & Sewage',NULL,'Paper','159ea627-08b8-11f0-81e2-1a4ded7af470'),('15f20117-08b8-11f0-81e2-1a4ded7af470',0.00,'Defender Razor',NULL,'Paper','159ea627-08b8-11f0-81e2-1a4ded7af470'),('15f2a8d2-08b8-11f0-81e2-1a4ded7af470',0.00,'Peacock',NULL,'Paper','159ea627-08b8-11f0-81e2-1a4ded7af470'),('15f38dab-08b8-11f0-81e2-1a4ded7af470',0.00,'Ring',NULL,'Paper','159ea627-08b8-11f0-81e2-1a4ded7af470'),('15f4282e-08b8-11f0-81e2-1a4ded7af470',99.00,'Instacart',NULL,'Paper','159ea627-08b8-11f0-81e2-1a4ded7af470'),('15f4d99e-08b8-11f0-81e2-1a4ded7af470',1700.00,'Tower FCU Car Loan',NULL,'Paper','159ea627-08b8-11f0-81e2-1a4ded7af470'),('15f5621b-08b8-11f0-81e2-1a4ded7af470',1194.88,'Tower FCU Truck Loan',NULL,'Paper','159ea627-08b8-11f0-81e2-1a4ded7af470'),('15f61f46-08b8-11f0-81e2-1a4ded7af470',0.00,'Costco Membership',NULL,'Paper','159ea627-08b8-11f0-81e2-1a4ded7af470'),('15f6b7bc-08b8-11f0-81e2-1a4ded7af470',0.00,'Phone Bill',NULL,'Paper','159ea627-08b8-11f0-81e2-1a4ded7af470'),('15f796ae-08b8-11f0-81e2-1a4ded7af470',18.01,'Spotify',NULL,'Paper','159ea627-08b8-11f0-81e2-1a4ded7af470'),('15f83060-08b8-11f0-81e2-1a4ded7af470',49.99,'Verizon',NULL,'Paper','159ea627-08b8-11f0-81e2-1a4ded7af470'),('15f8bf99-08b8-11f0-81e2-1a4ded7af470',0.00,'Amazon',NULL,'Paper','159ea627-08b8-11f0-81e2-1a4ded7af470'),('15f94744-08b8-11f0-81e2-1a4ded7af470',0.00,'Apartment',NULL,'Paper','159ea627-08b8-11f0-81e2-1a4ded7af470'),('15fa0172-08b8-11f0-81e2-1a4ded7af470',0.00,'Car Payments',NULL,'Paper','159ea627-08b8-11f0-81e2-1a4ded7af470'),('15fb01dc-08b8-11f0-81e2-1a4ded7af470',0.00,'HOA',NULL,'Paper','159ea627-08b8-11f0-81e2-1a4ded7af470'),('15fbc817-08b8-11f0-81e2-1a4ded7af470',0.00,'Syd\'s Phone Bill',NULL,'Paper','159ea627-08b8-11f0-81e2-1a4ded7af470'),('15fc89b6-08b8-11f0-81e2-1a4ded7af470',369.45,'Clothing',NULL,'Paper','159f6e74-08b8-11f0-81e2-1a4ded7af470'),('15fd8cdb-08b8-11f0-81e2-1a4ded7af470',40.76,'Gifts',NULL,'Paper','159f6e74-08b8-11f0-81e2-1a4ded7af470'),('15fe2b2a-08b8-11f0-81e2-1a4ded7af470',2750.54,'Home',NULL,'Paper','159f6e74-08b8-11f0-81e2-1a4ded7af470'),('15feb263-08b8-11f0-81e2-1a4ded7af470',878.41,'Pupper',NULL,'Paper','159f6e74-08b8-11f0-81e2-1a4ded7af470'),('15ffc64e-08b8-11f0-81e2-1a4ded7af470',207.01,'Grooming',NULL,'Paper','159f6e74-08b8-11f0-81e2-1a4ded7af470'),('1600577b-08b8-11f0-81e2-1a4ded7af470',0.00,'Nail Salon',NULL,'Paper','159f6e74-08b8-11f0-81e2-1a4ded7af470'),('1600f33e-08b8-11f0-81e2-1a4ded7af470',0.00,'Furniture',NULL,'Paper','159f6e74-08b8-11f0-81e2-1a4ded7af470'),('1601a451-08b8-11f0-81e2-1a4ded7af470',0.00,'Apartment Stuff',NULL,'Paper','159f6e74-08b8-11f0-81e2-1a4ded7af470'),('16034adf-08b8-11f0-81e2-1a4ded7af470',80.00,'Business',NULL,'Paper','159f6e74-08b8-11f0-81e2-1a4ded7af470'),('16049cca-08b8-11f0-81e2-1a4ded7af470',0.00,'Donations',NULL,'Paper','159f6e74-08b8-11f0-81e2-1a4ded7af470'),('160562b5-08b8-11f0-81e2-1a4ded7af470',0.00,'Personal',NULL,'Paper','159f6e74-08b8-11f0-81e2-1a4ded7af470'),('1605fa6b-08b8-11f0-81e2-1a4ded7af470',16.00,'Gas',NULL,'Paper','15a5d200-08b8-11f0-81e2-1a4ded7af470'),('16069d31-08b8-11f0-81e2-1a4ded7af470',65.76,'Charging',NULL,'Paper','15a5d200-08b8-11f0-81e2-1a4ded7af470'),('1607ae20-08b8-11f0-81e2-1a4ded7af470',198.00,'Public Transportation',NULL,'Paper','15a5d200-08b8-11f0-81e2-1a4ded7af470'),('16084e9d-08b8-11f0-81e2-1a4ded7af470',120.00,'Tolls/EZ-Pass',NULL,'Paper','15a5d200-08b8-11f0-81e2-1a4ded7af470'),('1608da6c-08b8-11f0-81e2-1a4ded7af470',0.00,'Maintenance',NULL,'Paper','15a5d200-08b8-11f0-81e2-1a4ded7af470'),('160a01df-08b8-11f0-81e2-1a4ded7af470',0.00,'Motorcycle',NULL,'Paper','15a5d200-08b8-11f0-81e2-1a4ded7af470'),('160ab83f-08b8-11f0-81e2-1a4ded7af470',29.00,'Tickets/Fines',NULL,'Paper','15a5d200-08b8-11f0-81e2-1a4ded7af470'),('160b4f71-08b8-11f0-81e2-1a4ded7af470',0.00,'Uber',NULL,'Paper','15a5d200-08b8-11f0-81e2-1a4ded7af470'),('160c791c-08b8-11f0-81e2-1a4ded7af470',0.00,'Parking',NULL,'Paper','15a5d200-08b8-11f0-81e2-1a4ded7af470'),('160d1e6d-08b8-11f0-81e2-1a4ded7af470',0.00,'Prev. Year Transfer',NULL,'Paper','15a6e139-08b8-11f0-81e2-1a4ded7af470'),('160da214-08b8-11f0-81e2-1a4ded7af470',0.00,'Taxes',NULL,'Paper','15a6e139-08b8-11f0-81e2-1a4ded7af470'),('16d9def8-08b8-11f0-81e2-1a4ded7af470',150.00,'Petty Cash',NULL,'Actual','15a6e139-08b8-11f0-81e2-1a4ded7af470'),('22f135d3-08b8-11f0-81e2-1a4ded7af470',-11489.19,'Tower FCU Checking',24528.18,'Actual','159a0897-08b8-11f0-81e2-1a4ded7af470'),('3ae14891-08b8-11f0-81e2-1a4ded7af470',15000.00,'Charles Schwab',0.00,'Actual','159ac574-08b8-11f0-81e2-1a4ded7af470');
/*!40000 ALTER TABLE `account` ENABLE KEYS */;
UNLOCK TABLES;

--
-- Table structure for table `credit_account_transaction`
--

DROP TABLE IF EXISTS `credit_account_transaction`;
/*!40101 SET @saved_cs_client     = @@character_set_client */;
/*!50503 SET character_set_client = utf8mb4 */;
CREATE TABLE `credit_account_transaction` (
  `account_id` varchar(255) DEFAULT NULL,
  `transaction_id` varchar(255) NOT NULL,
  PRIMARY KEY (`transaction_id`),
  KEY `FK5e564txassg0mprq1og0h2bhw` (`account_id`),
  CONSTRAINT `FK1t1j721qqsan83wg8o7w0ldtx` FOREIGN KEY (`transaction_id`) REFERENCES `transaction` (`id`),
  CONSTRAINT `FK5e564txassg0mprq1og0h2bhw` FOREIGN KEY (`account_id`) REFERENCES `account` (`id`)
) ENGINE=InnoDB DEFAULT CHARSET=utf8mb4 COLLATE=utf8mb4_0900_ai_ci;
/*!40101 SET character_set_client = @saved_cs_client */;

--
-- Dumping data for table `credit_account_transaction`
--

LOCK TABLES `credit_account_transaction` WRITE;
/*!40000 ALTER TABLE `credit_account_transaction` DISABLE KEYS */;
INSERT INTO `credit_account_transaction` VALUES ('15a9122d-08b8-11f0-81e2-1a4ded7af470','0a058274-b9f9-40c4-b198-3e269471838c'),('15a9122d-08b8-11f0-81e2-1a4ded7af470','2e927335-39bc-4062-b794-3fc63dfd8836'),('15a9122d-08b8-11f0-81e2-1a4ded7af470','2f630fe4-0300-4ffe-ad0f-9ec8b92e7091'),('15a9122d-08b8-11f0-81e2-1a4ded7af470','9ced6530-0a07-4834-8fa3-f1d42e4d4e7b'),('15a9122d-08b8-11f0-81e2-1a4ded7af470','ece67cff-807e-4852-b6bd-474ca5242e0e'),('15a9f87a-08b8-11f0-81e2-1a4ded7af470','4fdb9645-3bda-4f65-94e4-95523e30c887'),('15a9f87a-08b8-11f0-81e2-1a4ded7af470','55ec6c26-9b89-4b04-8576-2bee410ce530'),('15aa646c-08b8-11f0-81e2-1a4ded7af470','396778ad-d86d-4666-9d2c-115239745841'),('15ab4ef1-08b8-11f0-81e2-1a4ded7af470','21e959f5-defa-4bf7-b34b-9cfea5344b9f'),('15ab4ef1-08b8-11f0-81e2-1a4ded7af470','688bae69-fc23-450f-97c6-7e25be02cfcf'),('15abbc2e-08b8-11f0-81e2-1a4ded7af470','19bbcc88-dbf3-4845-847d-65b75a98668b'),('15abbc2e-08b8-11f0-81e2-1a4ded7af470','3f651bd9-c751-4b76-ab38-44ca9fbc011d'),('15abbc2e-08b8-11f0-81e2-1a4ded7af470','469101dd-2a43-41d1-ad5a-0b2678f705a7'),('15abbc2e-08b8-11f0-81e2-1a4ded7af470','80091a6f-cd26-4717-bb52-becd681b3e03'),('15abbc2e-08b8-11f0-81e2-1a4ded7af470','84f1761f-be7f-4fe2-b30d-bb588d77b69f'),('15abbc2e-08b8-11f0-81e2-1a4ded7af470','944970d2-e43c-4252-a80b-f6ff967ffe11'),('15abbc2e-08b8-11f0-81e2-1a4ded7af470','bd08ab95-562a-48ed-8eb3-0ee3410cd064'),('15abbc2e-08b8-11f0-81e2-1a4ded7af470','f9d7f1c6-101c-4113-91bb-79876624e881'),('15ac28f0-08b8-11f0-81e2-1a4ded7af470','689d3f81-5867-4331-94f6-4b71637ca9ed'),('15ad466b-08b8-11f0-81e2-1a4ded7af470','5addfd28-1a8b-41b8-9180-d4f2908ef646'),('15ae1414-08b8-11f0-81e2-1a4ded7af470','57a9a85b-baf9-47c5-be58-93d8f7df87d7'),('15b09b89-08b8-11f0-81e2-1a4ded7af470','4c49416a-02ee-4374-ba9a-63aa01eb70cb'),('15b09b89-08b8-11f0-81e2-1a4ded7af470','4fe0285b-2370-4f2e-b2fc-47f58cb92b62'),('15b09b89-08b8-11f0-81e2-1a4ded7af470','7c0cd3a3-79d4-4390-922e-66643627d75a'),('15b171dd-08b8-11f0-81e2-1a4ded7af470','328c5cc2-5cdc-4293-aa6d-d4cea4c1670f'),('15b171dd-08b8-11f0-81e2-1a4ded7af470','cebcb113-a4c3-49a3-9f84-690e4ccc815e'),('15c0619b-08b8-11f0-81e2-1a4ded7af470','0e544453-ac26-428f-805f-3f6202945aa4'),('15c0619b-08b8-11f0-81e2-1a4ded7af470','1d73e809-ab3a-4270-9d56-65f9188a67f6'),('15c0619b-08b8-11f0-81e2-1a4ded7af470','509d6a8b-1278-4dba-91ca-c5574857492e'),('15c0619b-08b8-11f0-81e2-1a4ded7af470','6086bbc3-6e96-401b-89a6-da4a8b158826'),('15c0619b-08b8-11f0-81e2-1a4ded7af470','80768a28-ddf7-44c2-89e2-8470e5fd4d19'),('15c0619b-08b8-11f0-81e2-1a4ded7af470','d661985e-e777-4a50-918d-9130bb8e6270'),('15c0619b-08b8-11f0-81e2-1a4ded7af470','fa7a6943-12a5-4980-9cba-d29ff5548bd2'),('15c0619b-08b8-11f0-81e2-1a4ded7af470','fb3cafa5-f938-4c86-806a-74c00f19ef91'),('15c12c62-08b8-11f0-81e2-1a4ded7af470','4131e333-9b8a-40c8-afa4-7edbeaab7648'),('15c12c62-08b8-11f0-81e2-1a4ded7af470','490ac2f8-0b76-4a44-b4d2-ae615d208292'),('15c12c62-08b8-11f0-81e2-1a4ded7af470','aa068db8-0a06-4e19-b84d-e2ab7ad07cb9'),('15c25b5e-08b8-11f0-81e2-1a4ded7af470','04ff1a3c-f1f1-4031-bb0c-9bb7fadc96a3'),('15c25b5e-08b8-11f0-81e2-1a4ded7af470','abe988e5-2d06-4bf7-b840-bf2ff8e226c5'),('15c25b5e-08b8-11f0-81e2-1a4ded7af470','f3769d10-7337-45da-b4c1-a4f0182bbf1a'),('15c33d24-08b8-11f0-81e2-1a4ded7af470','06317292-f7f9-4c62-b12f-76c18aa4e4f1'),('15c33d24-08b8-11f0-81e2-1a4ded7af470','2a76a540-b5b9-4dab-aff8-30d7d89f6049'),('15c33d24-08b8-11f0-81e2-1a4ded7af470','6191a975-52a9-4e72-b567-6bcaa8e4905f'),('15c33d24-08b8-11f0-81e2-1a4ded7af470','8f63363a-7a44-49d3-92eb-88af99095ae7'),('15c3cbce-08b8-11f0-81e2-1a4ded7af470','177cb495-baa8-4f83-91f8-0db78199b3d8'),('15c3cbce-08b8-11f0-81e2-1a4ded7af470','4154986f-0a53-4049-92f8-d4f4a12928bd'),('15c3cbce-08b8-11f0-81e2-1a4ded7af470','76c884d4-b927-4b10-9781-0b107fde6049'),('15c3cbce-08b8-11f0-81e2-1a4ded7af470','b245909e-c492-449f-bf5f-26198a08665f'),('15c3cbce-08b8-11f0-81e2-1a4ded7af470','c4b16ba6-5d5e-476c-9575-67fe004fea9e'),('15c3cbce-08b8-11f0-81e2-1a4ded7af470','d3f84290-4ac5-45f2-ad48-2e97dd797d86'),('15c639f9-08b8-11f0-81e2-1a4ded7af470','0496a55f-5a7b-4abf-9769-38692e554abd'),('15c639f9-08b8-11f0-81e2-1a4ded7af470','1b8910e0-fa2c-4978-9835-42706653b169'),('15c639f9-08b8-11f0-81e2-1a4ded7af470','240450ef-11d5-42b0-a6bd-e0c0f1f9aa96'),('15c639f9-08b8-11f0-81e2-1a4ded7af470','54a8f2f5-9141-4ef8-a540-86874df0274c'),('15c639f9-08b8-11f0-81e2-1a4ded7af470','566de040-8fd2-465c-9942-f17cd0aa8376'),('15c639f9-08b8-11f0-81e2-1a4ded7af470','6371c8a6-3faf-4ab8-9943-db2711069a49'),('15c639f9-08b8-11f0-81e2-1a4ded7af470','63d6fab8-56ae-4f85-b674-954626c53a36'),('15c639f9-08b8-11f0-81e2-1a4ded7af470','676bcf46-1531-4e16-9d83-2b21425d5499'),('15c639f9-08b8-11f0-81e2-1a4ded7af470','6c220699-50fb-4758-b5a8-ed643226e84b'),('15c639f9-08b8-11f0-81e2-1a4ded7af470','7135fbce-a829-4019-ae50-149b804e4729'),('15c639f9-08b8-11f0-81e2-1a4ded7af470','7752a9c9-2886-4ead-8903-bbd1fa9a6f28'),('15c639f9-08b8-11f0-81e2-1a4ded7af470','7866d9d1-b72f-400c-b028-7d3fc0c00572'),('15c639f9-08b8-11f0-81e2-1a4ded7af470','933b37e8-5526-48c8-89a8-396d385fc13e'),('15c639f9-08b8-11f0-81e2-1a4ded7af470','9a622d6a-8bbc-4045-b274-890a8607ab69'),('15c639f9-08b8-11f0-81e2-1a4ded7af470','adc0c056-375c-4203-8c11-7d5f84eed842'),('15c639f9-08b8-11f0-81e2-1a4ded7af470','c1c22131-1d6f-4fd0-9a36-8101a2dc58df'),('15c639f9-08b8-11f0-81e2-1a4ded7af470','cf9cc664-c3b7-4a83-a2ee-da5507ca26b6'),('15c639f9-08b8-11f0-81e2-1a4ded7af470','f8674d47-ad4f-4d69-95cf-4a253a242dec'),('15c76cf4-08b8-11f0-81e2-1a4ded7af470','c51dcabd-5a20-4793-ae18-789c663772b0'),('15c76cf4-08b8-11f0-81e2-1a4ded7af470','d26474c5-5bce-41c6-9eb5-215a988794af'),('15c83c0e-08b8-11f0-81e2-1a4ded7af470','2e845391-f6dd-4e30-ba12-777bcf73030d'),('15c83c0e-08b8-11f0-81e2-1a4ded7af470','2ecb0ec9-3ba3-41f8-9c47-51ce16addad2'),('15c83c0e-08b8-11f0-81e2-1a4ded7af470','64960e75-a162-4e81-a66d-3544660ccf7f'),('15c83c0e-08b8-11f0-81e2-1a4ded7af470','7539cb02-9cae-4513-94f2-2abd421ccff6'),('15c83c0e-08b8-11f0-81e2-1a4ded7af470','7ac1c881-9ff2-4cb2-a88b-03280cfc282f'),('15c8e2aa-08b8-11f0-81e2-1a4ded7af470','0b1dd7a7-5194-4c2e-983e-8033639795f1'),('15c8e2aa-08b8-11f0-81e2-1a4ded7af470','28dc26b5-315d-4eef-9cb5-947f8c44a2c6'),('15c8e2aa-08b8-11f0-81e2-1a4ded7af470','685bd7ed-5c8a-485f-9af6-a789e000def5'),('15c8e2aa-08b8-11f0-81e2-1a4ded7af470','86463237-2866-4d04-b3c0-3c0243e7a1db'),('15c8e2aa-08b8-11f0-81e2-1a4ded7af470','a0c0535c-20f1-4964-b0a8-4754e5e13c1e'),('15c8e2aa-08b8-11f0-81e2-1a4ded7af470','e2f93e85-30a0-4a35-a26d-41cd263196a3'),('15c970d9-08b8-11f0-81e2-1a4ded7af470','ecb5a953-4d0e-41af-90c0-34138f54e2c1'),('15ca3f89-08b8-11f0-81e2-1a4ded7af470','18e5999a-9c57-4167-88f2-7338d2c2e72b'),('15ca3f89-08b8-11f0-81e2-1a4ded7af470','2fa123c8-3b01-467c-84d2-a4763e255e96'),('15ca3f89-08b8-11f0-81e2-1a4ded7af470','5ac0d0b8-c506-41d8-937b-7e7332dc6986'),('15ca3f89-08b8-11f0-81e2-1a4ded7af470','67f07110-ab53-4dcf-b061-b59f4bc84294'),('15cda7ad-08b8-11f0-81e2-1a4ded7af470','17e7f145-6ff8-447e-b0c0-3dbc980ad06c'),('15cda7ad-08b8-11f0-81e2-1a4ded7af470','5bca5ec6-6961-4bdb-b36f-58140656eec4'),('15cda7ad-08b8-11f0-81e2-1a4ded7af470','7419cdeb-a41e-46b7-8110-15e2fc6f8256'),('15cda7ad-08b8-11f0-81e2-1a4ded7af470','900fc906-34ba-46ec-adcd-6cf3ea89d168'),('15cda7ad-08b8-11f0-81e2-1a4ded7af470','b1b4ff0d-de97-46b6-9e21-04212d220ef6'),('15ceb66b-08b8-11f0-81e2-1a4ded7af470','1d9cd9f8-6ce3-4167-9c5b-122fe09669ca'),('15ceb66b-08b8-11f0-81e2-1a4ded7af470','72657a4d-12e9-426d-8e17-7f12d2e46459'),('15ceb66b-08b8-11f0-81e2-1a4ded7af470','8b3a3fdc-8ce6-4981-bbab-14a99041ed6b'),('15ceb66b-08b8-11f0-81e2-1a4ded7af470','c2179fb4-96ea-494e-b1fc-a480db483825'),('15d0284e-08b8-11f0-81e2-1a4ded7af470','24f18a0b-0602-4458-9ec7-79ce1e831969'),('15d0284e-08b8-11f0-81e2-1a4ded7af470','4c8ec1b8-c038-469b-a8e3-cb83b05dfed8'),('15d0284e-08b8-11f0-81e2-1a4ded7af470','6cb4121a-3526-465b-868e-fce3fd698a15'),('15d0284e-08b8-11f0-81e2-1a4ded7af470','7aba4e69-159b-4c16-961f-240d34bad1c1'),('15d0284e-08b8-11f0-81e2-1a4ded7af470','8fe64109-810f-418f-8d98-0b459f8192e4'),('15d0284e-08b8-11f0-81e2-1a4ded7af470','b61ca4e6-96b7-45b2-b3c0-6ee6c3505ba9'),('15d0284e-08b8-11f0-81e2-1a4ded7af470','ce3a3de4-1033-48de-89ab-778fbddeda65'),('15d0284e-08b8-11f0-81e2-1a4ded7af470','ec3e0a17-5358-4454-b4a9-06f5ea0db9ae'),('15d121c8-08b8-11f0-81e2-1a4ded7af470','88695927-e2c5-4bc9-b67e-6326f619853a'),('15d33710-08b8-11f0-81e2-1a4ded7af470','7b19dc1e-f318-4dd4-9f4a-259842807e9e'),('15d33710-08b8-11f0-81e2-1a4ded7af470','b44a7049-254b-42c5-99d3-778351a4f079'),('15d33710-08b8-11f0-81e2-1a4ded7af470','e302ddaf-87e7-485d-a25a-d54a5acab297'),('15d3c8f6-08b8-11f0-81e2-1a4ded7af470','0f9c8b76-ebbf-4d06-b487-02847d77bb07'),('15d3c8f6-08b8-11f0-81e2-1a4ded7af470','7f97d640-81e9-4efe-a610-1059cb532078'),('15d3c8f6-08b8-11f0-81e2-1a4ded7af470','a39dbf0e-9a38-4ea6-a48f-054e86599023'),('15d3c8f6-08b8-11f0-81e2-1a4ded7af470','b42beb42-e45a-4794-a709-4ae16b18dd05'),('15d3c8f6-08b8-11f0-81e2-1a4ded7af470','ba14f2b0-253b-46c6-a710-c1a336ac60d7'),('15d3c8f6-08b8-11f0-81e2-1a4ded7af470','d3e38a4a-881f-4602-8c41-101d5f8c8241'),('15d735e4-08b8-11f0-81e2-1a4ded7af470','34d91908-f929-44a7-9f09-9b450e699ec4'),('15d735e4-08b8-11f0-81e2-1a4ded7af470','67c0efe1-00ff-499f-86dd-910d96d6d82a'),('15ddaf8b-08b8-11f0-81e2-1a4ded7af470','6c61aaeb-202d-40fa-ab7c-33ce6783a21d'),('15ddaf8b-08b8-11f0-81e2-1a4ded7af470','95d1ed46-8bd4-4b44-aae0-e5abe5d9c6bf'),('15ddaf8b-08b8-11f0-81e2-1a4ded7af470','de10c10d-f510-4896-accb-cb86c8adf5b7'),('15eeeea3-08b8-11f0-81e2-1a4ded7af470','dabad182-cc30-4fd5-8571-e35cca129890'),('15ef618d-08b8-11f0-81e2-1a4ded7af470','636e8e41-3e8b-406d-acda-cdab1c9a43a5'),('15f4282e-08b8-11f0-81e2-1a4ded7af470','64fa7795-8542-4a36-abd7-976016bbf458'),('15f4d99e-08b8-11f0-81e2-1a4ded7af470','f4b6773c-616a-459a-9076-b22073ec5f7d'),('15f5621b-08b8-11f0-81e2-1a4ded7af470','0d4c6914-2ff8-41b7-92c2-e93c2a614f26'),('15f5621b-08b8-11f0-81e2-1a4ded7af470','76283e1b-f359-46b0-8ea2-5fb0c19d6b89'),('15f796ae-08b8-11f0-81e2-1a4ded7af470','05b85220-f6fe-4f05-8f70-0891bef71253'),('15f83060-08b8-11f0-81e2-1a4ded7af470','036373e5-3053-48bf-a7ad-c3f0d9a01bd3'),('15fc89b6-08b8-11f0-81e2-1a4ded7af470','1299bfa8-32ce-436d-a0d6-59be0adf6a8e'),('15fc89b6-08b8-11f0-81e2-1a4ded7af470','21a68848-dc6b-4df7-94fe-a1e23d1df7c2'),('15fc89b6-08b8-11f0-81e2-1a4ded7af470','7522c6e0-ec4c-4c8b-92f0-97d183aa009b'),('15fc89b6-08b8-11f0-81e2-1a4ded7af470','75d7041b-5973-47d0-a08b-d1939849e520'),('15fc89b6-08b8-11f0-81e2-1a4ded7af470','843a501b-4b73-42f4-8ffe-ce7fd7c725be'),('15fc89b6-08b8-11f0-81e2-1a4ded7af470','974ee7e3-1f79-4f24-9515-2537ed994079'),('15fc89b6-08b8-11f0-81e2-1a4ded7af470','a92c6600-d9e3-4c08-9267-8edd6a1397cd'),('15fc89b6-08b8-11f0-81e2-1a4ded7af470','b1000020-0465-4597-a921-3d2427a120b0'),('15fc89b6-08b8-11f0-81e2-1a4ded7af470','d5d73a24-8299-4312-af94-4693ced1cc8c'),('15fc89b6-08b8-11f0-81e2-1a4ded7af470','e542e7b1-8a34-4204-a182-9309c86ab04d'),('15fc89b6-08b8-11f0-81e2-1a4ded7af470','fe624246-e3c8-4c7c-92b4-c228731523c0'),('15fd8cdb-08b8-11f0-81e2-1a4ded7af470','1e593188-d6db-47d0-bc91-82d86e4eb82d'),('15fd8cdb-08b8-11f0-81e2-1a4ded7af470','ad452b11-f9ee-40a5-8cb3-70df6395d718'),('15fd8cdb-08b8-11f0-81e2-1a4ded7af470','b0b529b5-d281-4916-a684-b29f26f3b875'),('15fe2b2a-08b8-11f0-81e2-1a4ded7af470','1479ba7e-5604-4a07-95f1-dda11b207ea0'),('15fe2b2a-08b8-11f0-81e2-1a4ded7af470','19d4a6bf-df17-4863-9ba5-0cf6c99b71fc'),('15fe2b2a-08b8-11f0-81e2-1a4ded7af470','1b17fb40-b5fc-4646-b4f5-fedde7eb3455'),('15fe2b2a-08b8-11f0-81e2-1a4ded7af470','20aa1252-7be5-4f56-82de-b29d8d9f56d3'),('15fe2b2a-08b8-11f0-81e2-1a4ded7af470','33b2893a-0dc7-40c8-b90f-2f19952a87ee'),('15fe2b2a-08b8-11f0-81e2-1a4ded7af470','379d3b84-7ab4-4571-a12d-7dbe78856b29'),('15fe2b2a-08b8-11f0-81e2-1a4ded7af470','470bed9e-a498-4a56-a6e8-e6cb3cd07e9f'),('15fe2b2a-08b8-11f0-81e2-1a4ded7af470','7df8d1a4-0027-4db6-877f-7f978bc43937'),('15fe2b2a-08b8-11f0-81e2-1a4ded7af470','83243359-1f75-4bc0-94d2-e437bdae32c6'),('15fe2b2a-08b8-11f0-81e2-1a4ded7af470','84aaad84-1fdd-40b0-b773-0340d30cac20'),('15fe2b2a-08b8-11f0-81e2-1a4ded7af470','8b003106-93fb-451e-ade0-b36cd9676431'),('15fe2b2a-08b8-11f0-81e2-1a4ded7af470','912e672b-0479-4178-9c29-bdaa0e18ddc7'),('15fe2b2a-08b8-11f0-81e2-1a4ded7af470','a5012744-25f4-4463-97dc-1f18bd5c7b9f'),('15fe2b2a-08b8-11f0-81e2-1a4ded7af470','b690a5db-c0fc-4c3f-bd27-d51909e0fb63'),('15fe2b2a-08b8-11f0-81e2-1a4ded7af470','f2af1acc-8f8c-4a65-8465-0c65d6125f4a'),('15fe2b2a-08b8-11f0-81e2-1a4ded7af470','f35665d8-b040-4c48-ab7d-ac89f7739e5a'),('15fe2b2a-08b8-11f0-81e2-1a4ded7af470','fb709661-c839-4ee9-aa54-8501f86388df'),('15feb263-08b8-11f0-81e2-1a4ded7af470','028a5e73-8c1e-4926-8308-4e964a2dc6a3'),('15feb263-08b8-11f0-81e2-1a4ded7af470','17baa35e-daac-4448-a87d-88b229489d27'),('15feb263-08b8-11f0-81e2-1a4ded7af470','252ae083-28b4-4e62-818e-488d777c9572'),('15feb263-08b8-11f0-81e2-1a4ded7af470','2bd773e1-1249-4948-b150-e52ead59cf1a'),('15feb263-08b8-11f0-81e2-1a4ded7af470','2fe697db-cf8d-4a2a-b939-60edb364a21e'),('15feb263-08b8-11f0-81e2-1a4ded7af470','375f6279-c2d7-4588-a9a1-0d751a6bb030'),('15feb263-08b8-11f0-81e2-1a4ded7af470','4b9dc72e-6c08-47c2-8f91-e8cec63ad738'),('15feb263-08b8-11f0-81e2-1a4ded7af470','4c94878d-dd74-4dde-9425-a82c3e477067'),('15feb263-08b8-11f0-81e2-1a4ded7af470','73a5d85f-a9c2-486c-8211-7861a784be69'),('15feb263-08b8-11f0-81e2-1a4ded7af470','839a1327-5758-4d8a-944c-1b9b031dbd4c'),('15feb263-08b8-11f0-81e2-1a4ded7af470','91a67603-7caa-493d-b986-2e9dba1805e5'),('15feb263-08b8-11f0-81e2-1a4ded7af470','e470757d-c180-49ab-9607-65b60c535f5b'),('15feb263-08b8-11f0-81e2-1a4ded7af470','eb2b8824-fbbf-433d-a8af-4a9282051a3d'),('15feb263-08b8-11f0-81e2-1a4ded7af470','f1718416-876d-47e1-9a3c-350095a0be6c'),('15ffc64e-08b8-11f0-81e2-1a4ded7af470','33176baa-86aa-425c-bb2f-911977dfc53b'),('15ffc64e-08b8-11f0-81e2-1a4ded7af470','441f8bea-4e61-4b91-bb1f-1df2b179dc6e'),('15ffc64e-08b8-11f0-81e2-1a4ded7af470','8dac5ba1-3b57-4c39-9e0d-a8d70c3ff9ce'),('15ffc64e-08b8-11f0-81e2-1a4ded7af470','be2e98ce-ee88-4745-9df6-72cffa9da928'),('16034adf-08b8-11f0-81e2-1a4ded7af470','2669d771-ae0e-4fdc-8653-c0b71c2199ed'),('1605fa6b-08b8-11f0-81e2-1a4ded7af470','afab5b39-341d-483c-9792-36dc41d0a447'),('16069d31-08b8-11f0-81e2-1a4ded7af470','23109493-eefb-4823-8ee6-fc9b6835560e'),('16069d31-08b8-11f0-81e2-1a4ded7af470','29b3760c-bc3a-414a-8c90-252d09877941'),('16069d31-08b8-11f0-81e2-1a4ded7af470','494f4657-8260-4825-83bc-f65db8187944'),('16069d31-08b8-11f0-81e2-1a4ded7af470','c5bebab3-4564-4bb3-a044-d1e4e7faaa88'),('1607ae20-08b8-11f0-81e2-1a4ded7af470','e8d19842-6129-4a79-9a09-74fd2ff2f32c'),('16084e9d-08b8-11f0-81e2-1a4ded7af470','08d0b231-40be-482d-9582-fa3b048ffda9'),('16084e9d-08b8-11f0-81e2-1a4ded7af470','0e8c692b-45b3-4cb6-96b4-fd0a02b0bd00'),('16084e9d-08b8-11f0-81e2-1a4ded7af470','6af3eae8-5fa5-4ce1-91ad-41dde4592977'),('160ab83f-08b8-11f0-81e2-1a4ded7af470','5c39840e-53e7-4892-baa4-072b2ed89de5'),('16d9def8-08b8-11f0-81e2-1a4ded7af470','b749f2fc-c9c6-4e40-be18-37bdd3dc991a'),('22f135d3-08b8-11f0-81e2-1a4ded7af470','317d9b44-3666-4897-9596-c0e322cef30d'),('22f135d3-08b8-11f0-81e2-1a4ded7af470','4bd01685-3793-4d5c-8e70-c018f42f7015'),('22f135d3-08b8-11f0-81e2-1a4ded7af470','542078b1-2fed-4786-983b-64c72054922a'),('22f135d3-08b8-11f0-81e2-1a4ded7af470','7e0ad75f-0495-44eb-8871-553a14a5e9ea'),('22f135d3-08b8-11f0-81e2-1a4ded7af470','86036d38-66ca-4007-b31a-027b9d8f0d50'),('22f135d3-08b8-11f0-81e2-1a4ded7af470','d56ef9ef-3032-4906-af75-9433317b192b'),('3ae14891-08b8-11f0-81e2-1a4ded7af470','35acb931-ff6d-402b-ae04-9f1c6d10b248');
/*!40000 ALTER TABLE `credit_account_transaction` ENABLE KEYS */;
UNLOCK TABLES;

--
-- Table structure for table `debit_account_transaction`
--

DROP TABLE IF EXISTS `debit_account_transaction`;
/*!40101 SET @saved_cs_client     = @@character_set_client */;
/*!50503 SET character_set_client = utf8mb4 */;
CREATE TABLE `debit_account_transaction` (
  `account_id` varchar(255) DEFAULT NULL,
  `transaction_id` varchar(255) NOT NULL,
  PRIMARY KEY (`transaction_id`),
  KEY `FKcl3chya7pgcxuim6mwf58hnvw` (`account_id`),
  CONSTRAINT `FKcl3chya7pgcxuim6mwf58hnvw` FOREIGN KEY (`account_id`) REFERENCES `account` (`id`),
  CONSTRAINT `FKex14o16g7ectt0hlx2gj85s0t` FOREIGN KEY (`transaction_id`) REFERENCES `transaction` (`id`)
) ENGINE=InnoDB DEFAULT CHARSET=utf8mb4 COLLATE=utf8mb4_0900_ai_ci;
/*!40101 SET character_set_client = @saved_cs_client */;

--
-- Dumping data for table `debit_account_transaction`
--

LOCK TABLES `debit_account_transaction` WRITE;
/*!40000 ALTER TABLE `debit_account_transaction` DISABLE KEYS */;
INSERT INTO `debit_account_transaction` VALUES ('15a9122d-08b8-11f0-81e2-1a4ded7af470','05b85220-f6fe-4f05-8f70-0891bef71253'),('15a9122d-08b8-11f0-81e2-1a4ded7af470','08d0b231-40be-482d-9582-fa3b048ffda9'),('15a9122d-08b8-11f0-81e2-1a4ded7af470','0e8c692b-45b3-4cb6-96b4-fd0a02b0bd00'),('15a9122d-08b8-11f0-81e2-1a4ded7af470','17e7f145-6ff8-447e-b0c0-3dbc980ad06c'),('15a9122d-08b8-11f0-81e2-1a4ded7af470','24f18a0b-0602-4458-9ec7-79ce1e831969'),('15a9122d-08b8-11f0-81e2-1a4ded7af470','2bd773e1-1249-4948-b150-e52ead59cf1a'),('15a9122d-08b8-11f0-81e2-1a4ded7af470','34d91908-f929-44a7-9f09-9b450e699ec4'),('15a9122d-08b8-11f0-81e2-1a4ded7af470','441f8bea-4e61-4b91-bb1f-1df2b179dc6e'),('15a9122d-08b8-11f0-81e2-1a4ded7af470','4b9dc72e-6c08-47c2-8f91-e8cec63ad738'),('15a9122d-08b8-11f0-81e2-1a4ded7af470','4c8ec1b8-c038-469b-a8e3-cb83b05dfed8'),('15a9122d-08b8-11f0-81e2-1a4ded7af470','566de040-8fd2-465c-9942-f17cd0aa8376'),('15a9122d-08b8-11f0-81e2-1a4ded7af470','67c0efe1-00ff-499f-86dd-910d96d6d82a'),('15a9122d-08b8-11f0-81e2-1a4ded7af470','6af3eae8-5fa5-4ce1-91ad-41dde4592977'),('15a9122d-08b8-11f0-81e2-1a4ded7af470','6c61aaeb-202d-40fa-ab7c-33ce6783a21d'),('15a9122d-08b8-11f0-81e2-1a4ded7af470','73a5d85f-a9c2-486c-8211-7861a784be69'),('15a9122d-08b8-11f0-81e2-1a4ded7af470','7b19dc1e-f318-4dd4-9f4a-259842807e9e'),('15a9122d-08b8-11f0-81e2-1a4ded7af470','839a1327-5758-4d8a-944c-1b9b031dbd4c'),('15a9122d-08b8-11f0-81e2-1a4ded7af470','86463237-2866-4d04-b3c0-3c0243e7a1db'),('15a9122d-08b8-11f0-81e2-1a4ded7af470','900fc906-34ba-46ec-adcd-6cf3ea89d168'),('15a9122d-08b8-11f0-81e2-1a4ded7af470','afab5b39-341d-483c-9792-36dc41d0a447'),('15a9122d-08b8-11f0-81e2-1a4ded7af470','b44a7049-254b-42c5-99d3-778351a4f079'),('15a9122d-08b8-11f0-81e2-1a4ded7af470','b61ca4e6-96b7-45b2-b3c0-6ee6c3505ba9'),('15a9122d-08b8-11f0-81e2-1a4ded7af470','c2179fb4-96ea-494e-b1fc-a480db483825'),('15a9122d-08b8-11f0-81e2-1a4ded7af470','ce3a3de4-1033-48de-89ab-778fbddeda65'),('15a9122d-08b8-11f0-81e2-1a4ded7af470','d5d73a24-8299-4312-af94-4693ced1cc8c'),('15a9122d-08b8-11f0-81e2-1a4ded7af470','de10c10d-f510-4896-accb-cb86c8adf5b7'),('15a9122d-08b8-11f0-81e2-1a4ded7af470','e302ddaf-87e7-485d-a25a-d54a5acab297'),('15a9122d-08b8-11f0-81e2-1a4ded7af470','e470757d-c180-49ab-9607-65b60c535f5b'),('15a9122d-08b8-11f0-81e2-1a4ded7af470','f1718416-876d-47e1-9a3c-350095a0be6c'),('15a9122d-08b8-11f0-81e2-1a4ded7af470','fe624246-e3c8-4c7c-92b4-c228731523c0'),('15a9f87a-08b8-11f0-81e2-1a4ded7af470','2ecb0ec9-3ba3-41f8-9c47-51ce16addad2'),('15a9f87a-08b8-11f0-81e2-1a4ded7af470','685bd7ed-5c8a-485f-9af6-a789e000def5'),('15a9f87a-08b8-11f0-81e2-1a4ded7af470','7ac1c881-9ff2-4cb2-a88b-03280cfc282f'),('15a9f87a-08b8-11f0-81e2-1a4ded7af470','c51dcabd-5a20-4793-ae18-789c663772b0'),('15a9f87a-08b8-11f0-81e2-1a4ded7af470','d26474c5-5bce-41c6-9eb5-215a988794af'),('15aa646c-08b8-11f0-81e2-1a4ded7af470','1b8910e0-fa2c-4978-9835-42706653b169'),('15aa646c-08b8-11f0-81e2-1a4ded7af470','240450ef-11d5-42b0-a6bd-e0c0f1f9aa96'),('15aa646c-08b8-11f0-81e2-1a4ded7af470','64fa7795-8542-4a36-abd7-976016bbf458'),('15aa646c-08b8-11f0-81e2-1a4ded7af470','933b37e8-5526-48c8-89a8-396d385fc13e'),('15aa646c-08b8-11f0-81e2-1a4ded7af470','c1c22131-1d6f-4fd0-9a36-8101a2dc58df'),('15aa646c-08b8-11f0-81e2-1a4ded7af470','cf9cc664-c3b7-4a83-a2ee-da5507ca26b6'),('15ab4ef1-08b8-11f0-81e2-1a4ded7af470','1d9cd9f8-6ce3-4167-9c5b-122fe09669ca'),('15ab4ef1-08b8-11f0-81e2-1a4ded7af470','72657a4d-12e9-426d-8e17-7f12d2e46459'),('15ab4ef1-08b8-11f0-81e2-1a4ded7af470','88695927-e2c5-4bc9-b67e-6326f619853a'),('15ab4ef1-08b8-11f0-81e2-1a4ded7af470','8b3a3fdc-8ce6-4981-bbab-14a99041ed6b'),('15ab4ef1-08b8-11f0-81e2-1a4ded7af470','e8d19842-6129-4a79-9a09-74fd2ff2f32c'),('15abbc2e-08b8-11f0-81e2-1a4ded7af470','028a5e73-8c1e-4926-8308-4e964a2dc6a3'),('15abbc2e-08b8-11f0-81e2-1a4ded7af470','0496a55f-5a7b-4abf-9769-38692e554abd'),('15abbc2e-08b8-11f0-81e2-1a4ded7af470','0f9c8b76-ebbf-4d06-b487-02847d77bb07'),('15abbc2e-08b8-11f0-81e2-1a4ded7af470','1299bfa8-32ce-436d-a0d6-59be0adf6a8e'),('15abbc2e-08b8-11f0-81e2-1a4ded7af470','1479ba7e-5604-4a07-95f1-dda11b207ea0'),('15abbc2e-08b8-11f0-81e2-1a4ded7af470','17baa35e-daac-4448-a87d-88b229489d27'),('15abbc2e-08b8-11f0-81e2-1a4ded7af470','18e5999a-9c57-4167-88f2-7338d2c2e72b'),('15abbc2e-08b8-11f0-81e2-1a4ded7af470','19d4a6bf-df17-4863-9ba5-0cf6c99b71fc'),('15abbc2e-08b8-11f0-81e2-1a4ded7af470','1b17fb40-b5fc-4646-b4f5-fedde7eb3455'),('15abbc2e-08b8-11f0-81e2-1a4ded7af470','1e593188-d6db-47d0-bc91-82d86e4eb82d'),('15abbc2e-08b8-11f0-81e2-1a4ded7af470','20aa1252-7be5-4f56-82de-b29d8d9f56d3'),('15abbc2e-08b8-11f0-81e2-1a4ded7af470','21a68848-dc6b-4df7-94fe-a1e23d1df7c2'),('15abbc2e-08b8-11f0-81e2-1a4ded7af470','252ae083-28b4-4e62-818e-488d777c9572'),('15abbc2e-08b8-11f0-81e2-1a4ded7af470','2fa123c8-3b01-467c-84d2-a4763e255e96'),('15abbc2e-08b8-11f0-81e2-1a4ded7af470','2fe697db-cf8d-4a2a-b939-60edb364a21e'),('15abbc2e-08b8-11f0-81e2-1a4ded7af470','33176baa-86aa-425c-bb2f-911977dfc53b'),('15abbc2e-08b8-11f0-81e2-1a4ded7af470','33b2893a-0dc7-40c8-b90f-2f19952a87ee'),('15abbc2e-08b8-11f0-81e2-1a4ded7af470','375f6279-c2d7-4588-a9a1-0d751a6bb030'),('15abbc2e-08b8-11f0-81e2-1a4ded7af470','379d3b84-7ab4-4571-a12d-7dbe78856b29'),('15abbc2e-08b8-11f0-81e2-1a4ded7af470','470bed9e-a498-4a56-a6e8-e6cb3cd07e9f'),('15abbc2e-08b8-11f0-81e2-1a4ded7af470','4c94878d-dd74-4dde-9425-a82c3e477067'),('15abbc2e-08b8-11f0-81e2-1a4ded7af470','54a8f2f5-9141-4ef8-a540-86874df0274c'),('15abbc2e-08b8-11f0-81e2-1a4ded7af470','5ac0d0b8-c506-41d8-937b-7e7332dc6986'),('15abbc2e-08b8-11f0-81e2-1a4ded7af470','6371c8a6-3faf-4ab8-9943-db2711069a49'),('15abbc2e-08b8-11f0-81e2-1a4ded7af470','63d6fab8-56ae-4f85-b674-954626c53a36'),('15abbc2e-08b8-11f0-81e2-1a4ded7af470','67f07110-ab53-4dcf-b061-b59f4bc84294'),('15abbc2e-08b8-11f0-81e2-1a4ded7af470','7135fbce-a829-4019-ae50-149b804e4729'),('15abbc2e-08b8-11f0-81e2-1a4ded7af470','7522c6e0-ec4c-4c8b-92f0-97d183aa009b'),('15abbc2e-08b8-11f0-81e2-1a4ded7af470','75d7041b-5973-47d0-a08b-d1939849e520'),('15abbc2e-08b8-11f0-81e2-1a4ded7af470','7752a9c9-2886-4ead-8903-bbd1fa9a6f28'),('15abbc2e-08b8-11f0-81e2-1a4ded7af470','7df8d1a4-0027-4db6-877f-7f978bc43937'),('15abbc2e-08b8-11f0-81e2-1a4ded7af470','7f97d640-81e9-4efe-a610-1059cb532078'),('15abbc2e-08b8-11f0-81e2-1a4ded7af470','83243359-1f75-4bc0-94d2-e437bdae32c6'),('15abbc2e-08b8-11f0-81e2-1a4ded7af470','843a501b-4b73-42f4-8ffe-ce7fd7c725be'),('15abbc2e-08b8-11f0-81e2-1a4ded7af470','84aaad84-1fdd-40b0-b773-0340d30cac20'),('15abbc2e-08b8-11f0-81e2-1a4ded7af470','8b003106-93fb-451e-ade0-b36cd9676431'),('15abbc2e-08b8-11f0-81e2-1a4ded7af470','8dac5ba1-3b57-4c39-9e0d-a8d70c3ff9ce'),('15abbc2e-08b8-11f0-81e2-1a4ded7af470','912e672b-0479-4178-9c29-bdaa0e18ddc7'),('15abbc2e-08b8-11f0-81e2-1a4ded7af470','91a67603-7caa-493d-b986-2e9dba1805e5'),('15abbc2e-08b8-11f0-81e2-1a4ded7af470','95d1ed46-8bd4-4b44-aae0-e5abe5d9c6bf'),('15abbc2e-08b8-11f0-81e2-1a4ded7af470','974ee7e3-1f79-4f24-9515-2537ed994079'),('15abbc2e-08b8-11f0-81e2-1a4ded7af470','9a622d6a-8bbc-4045-b274-890a8607ab69'),('15abbc2e-08b8-11f0-81e2-1a4ded7af470','a39dbf0e-9a38-4ea6-a48f-054e86599023'),('15abbc2e-08b8-11f0-81e2-1a4ded7af470','a5012744-25f4-4463-97dc-1f18bd5c7b9f'),('15abbc2e-08b8-11f0-81e2-1a4ded7af470','ad452b11-f9ee-40a5-8cb3-70df6395d718'),('15abbc2e-08b8-11f0-81e2-1a4ded7af470','adc0c056-375c-4203-8c11-7d5f84eed842'),('15abbc2e-08b8-11f0-81e2-1a4ded7af470','b0b529b5-d281-4916-a684-b29f26f3b875'),('15abbc2e-08b8-11f0-81e2-1a4ded7af470','b1000020-0465-4597-a921-3d2427a120b0'),('15abbc2e-08b8-11f0-81e2-1a4ded7af470','b1b4ff0d-de97-46b6-9e21-04212d220ef6'),('15abbc2e-08b8-11f0-81e2-1a4ded7af470','b42beb42-e45a-4794-a709-4ae16b18dd05'),('15abbc2e-08b8-11f0-81e2-1a4ded7af470','b690a5db-c0fc-4c3f-bd27-d51909e0fb63'),('15abbc2e-08b8-11f0-81e2-1a4ded7af470','ba14f2b0-253b-46c6-a710-c1a336ac60d7'),('15abbc2e-08b8-11f0-81e2-1a4ded7af470','be2e98ce-ee88-4745-9df6-72cffa9da928'),('15abbc2e-08b8-11f0-81e2-1a4ded7af470','d3e38a4a-881f-4602-8c41-101d5f8c8241'),('15abbc2e-08b8-11f0-81e2-1a4ded7af470','e542e7b1-8a34-4204-a182-9309c86ab04d'),('15abbc2e-08b8-11f0-81e2-1a4ded7af470','eb2b8824-fbbf-433d-a8af-4a9282051a3d'),('15abbc2e-08b8-11f0-81e2-1a4ded7af470','f2af1acc-8f8c-4a65-8465-0c65d6125f4a'),('15abbc2e-08b8-11f0-81e2-1a4ded7af470','f35665d8-b040-4c48-ab7d-ac89f7739e5a'),('15abbc2e-08b8-11f0-81e2-1a4ded7af470','f8674d47-ad4f-4d69-95cf-4a253a242dec'),('15abbc2e-08b8-11f0-81e2-1a4ded7af470','fb709661-c839-4ee9-aa54-8501f86388df'),('15ac28f0-08b8-11f0-81e2-1a4ded7af470','5c39840e-53e7-4892-baa4-072b2ed89de5'),('15ae1414-08b8-11f0-81e2-1a4ded7af470','0b1dd7a7-5194-4c2e-983e-8033639795f1'),('15ae1414-08b8-11f0-81e2-1a4ded7af470','28dc26b5-315d-4eef-9cb5-947f8c44a2c6'),('15ae1414-08b8-11f0-81e2-1a4ded7af470','2e845391-f6dd-4e30-ba12-777bcf73030d'),('15ae1414-08b8-11f0-81e2-1a4ded7af470','5bca5ec6-6961-4bdb-b36f-58140656eec4'),('15ae1414-08b8-11f0-81e2-1a4ded7af470','64960e75-a162-4e81-a66d-3544660ccf7f'),('15ae1414-08b8-11f0-81e2-1a4ded7af470','676bcf46-1531-4e16-9d83-2b21425d5499'),('15ae1414-08b8-11f0-81e2-1a4ded7af470','7539cb02-9cae-4513-94f2-2abd421ccff6'),('15ae1414-08b8-11f0-81e2-1a4ded7af470','a0c0535c-20f1-4964-b0a8-4754e5e13c1e'),('15ae1414-08b8-11f0-81e2-1a4ded7af470','a92c6600-d9e3-4c08-9267-8edd6a1397cd'),('15ae1414-08b8-11f0-81e2-1a4ded7af470','e2f93e85-30a0-4a35-a26d-41cd263196a3'),('15ae1414-08b8-11f0-81e2-1a4ded7af470','ecb5a953-4d0e-41af-90c0-34138f54e2c1'),('15b09b89-08b8-11f0-81e2-1a4ded7af470','29b3760c-bc3a-414a-8c90-252d09877941'),('15b09b89-08b8-11f0-81e2-1a4ded7af470','6c220699-50fb-4758-b5a8-ed643226e84b'),('15b09b89-08b8-11f0-81e2-1a4ded7af470','c5bebab3-4564-4bb3-a044-d1e4e7faaa88'),('15b171dd-08b8-11f0-81e2-1a4ded7af470','7866d9d1-b72f-400c-b028-7d3fc0c00572'),('15c0619b-08b8-11f0-81e2-1a4ded7af470','036373e5-3053-48bf-a7ad-c3f0d9a01bd3'),('15c0619b-08b8-11f0-81e2-1a4ded7af470','19bbcc88-dbf3-4845-847d-65b75a98668b'),('15c0619b-08b8-11f0-81e2-1a4ded7af470','21e959f5-defa-4bf7-b34b-9cfea5344b9f'),('15c0619b-08b8-11f0-81e2-1a4ded7af470','2669d771-ae0e-4fdc-8653-c0b71c2199ed'),('15c0619b-08b8-11f0-81e2-1a4ded7af470','2e927335-39bc-4062-b794-3fc63dfd8836'),('15c0619b-08b8-11f0-81e2-1a4ded7af470','328c5cc2-5cdc-4293-aa6d-d4cea4c1670f'),('15c0619b-08b8-11f0-81e2-1a4ded7af470','396778ad-d86d-4666-9d2c-115239745841'),('15c0619b-08b8-11f0-81e2-1a4ded7af470','4c49416a-02ee-4374-ba9a-63aa01eb70cb'),('15c0619b-08b8-11f0-81e2-1a4ded7af470','4fdb9645-3bda-4f65-94e4-95523e30c887'),('15c0619b-08b8-11f0-81e2-1a4ded7af470','4fe0285b-2370-4f2e-b2fc-47f58cb92b62'),('15c0619b-08b8-11f0-81e2-1a4ded7af470','55ec6c26-9b89-4b04-8576-2bee410ce530'),('15c0619b-08b8-11f0-81e2-1a4ded7af470','57a9a85b-baf9-47c5-be58-93d8f7df87d7'),('15c0619b-08b8-11f0-81e2-1a4ded7af470','5addfd28-1a8b-41b8-9180-d4f2908ef646'),('15c0619b-08b8-11f0-81e2-1a4ded7af470','636e8e41-3e8b-406d-acda-cdab1c9a43a5'),('15c0619b-08b8-11f0-81e2-1a4ded7af470','688bae69-fc23-450f-97c6-7e25be02cfcf'),('15c0619b-08b8-11f0-81e2-1a4ded7af470','689d3f81-5867-4331-94f6-4b71637ca9ed'),('15c0619b-08b8-11f0-81e2-1a4ded7af470','6cb4121a-3526-465b-868e-fce3fd698a15'),('15c0619b-08b8-11f0-81e2-1a4ded7af470','7419cdeb-a41e-46b7-8110-15e2fc6f8256'),('15c0619b-08b8-11f0-81e2-1a4ded7af470','7aba4e69-159b-4c16-961f-240d34bad1c1'),('15c0619b-08b8-11f0-81e2-1a4ded7af470','8fe64109-810f-418f-8d98-0b459f8192e4'),('15c0619b-08b8-11f0-81e2-1a4ded7af470','9ced6530-0a07-4834-8fa3-f1d42e4d4e7b'),('15c0619b-08b8-11f0-81e2-1a4ded7af470','bd08ab95-562a-48ed-8eb3-0ee3410cd064'),('15c0619b-08b8-11f0-81e2-1a4ded7af470','cebcb113-a4c3-49a3-9f84-690e4ccc815e'),('15c0619b-08b8-11f0-81e2-1a4ded7af470','dabad182-cc30-4fd5-8571-e35cca129890'),('15c0619b-08b8-11f0-81e2-1a4ded7af470','ec3e0a17-5358-4454-b4a9-06f5ea0db9ae'),('15c0619b-08b8-11f0-81e2-1a4ded7af470','f9d7f1c6-101c-4113-91bb-79876624e881'),('15c639f9-08b8-11f0-81e2-1a4ded7af470','23109493-eefb-4823-8ee6-fc9b6835560e'),('15c639f9-08b8-11f0-81e2-1a4ded7af470','494f4657-8260-4825-83bc-f65db8187944'),('15c639f9-08b8-11f0-81e2-1a4ded7af470','7c0cd3a3-79d4-4390-922e-66643627d75a'),('15cda7ad-08b8-11f0-81e2-1a4ded7af470','0a058274-b9f9-40c4-b198-3e269471838c'),('15d33710-08b8-11f0-81e2-1a4ded7af470','2f630fe4-0300-4ffe-ad0f-9ec8b92e7091'),('15e571e5-08b8-11f0-81e2-1a4ded7af470','04ff1a3c-f1f1-4031-bb0c-9bb7fadc96a3'),('15e571e5-08b8-11f0-81e2-1a4ded7af470','0e544453-ac26-428f-805f-3f6202945aa4'),('15e571e5-08b8-11f0-81e2-1a4ded7af470','177cb495-baa8-4f83-91f8-0db78199b3d8'),('15e571e5-08b8-11f0-81e2-1a4ded7af470','317d9b44-3666-4897-9596-c0e322cef30d'),('15e571e5-08b8-11f0-81e2-1a4ded7af470','4154986f-0a53-4049-92f8-d4f4a12928bd'),('15e571e5-08b8-11f0-81e2-1a4ded7af470','4bd01685-3793-4d5c-8e70-c018f42f7015'),('15e571e5-08b8-11f0-81e2-1a4ded7af470','80768a28-ddf7-44c2-89e2-8470e5fd4d19'),('15e571e5-08b8-11f0-81e2-1a4ded7af470','86036d38-66ca-4007-b31a-027b9d8f0d50'),('15e571e5-08b8-11f0-81e2-1a4ded7af470','abe988e5-2d06-4bf7-b840-bf2ff8e226c5'),('15e571e5-08b8-11f0-81e2-1a4ded7af470','b245909e-c492-449f-bf5f-26198a08665f'),('15e571e5-08b8-11f0-81e2-1a4ded7af470','f3769d10-7337-45da-b4c1-a4f0182bbf1a'),('15e571e5-08b8-11f0-81e2-1a4ded7af470','fa7a6943-12a5-4980-9cba-d29ff5548bd2'),('15e5edb2-08b8-11f0-81e2-1a4ded7af470','76c884d4-b927-4b10-9781-0b107fde6049'),('15e65aee-08b8-11f0-81e2-1a4ded7af470','06317292-f7f9-4c62-b12f-76c18aa4e4f1'),('15e65aee-08b8-11f0-81e2-1a4ded7af470','490ac2f8-0b76-4a44-b4d2-ae615d208292'),('15e65aee-08b8-11f0-81e2-1a4ded7af470','509d6a8b-1278-4dba-91ca-c5574857492e'),('15e65aee-08b8-11f0-81e2-1a4ded7af470','542078b1-2fed-4786-983b-64c72054922a'),('15e65aee-08b8-11f0-81e2-1a4ded7af470','7e0ad75f-0495-44eb-8871-553a14a5e9ea'),('15e65aee-08b8-11f0-81e2-1a4ded7af470','8f63363a-7a44-49d3-92eb-88af99095ae7'),('15e65aee-08b8-11f0-81e2-1a4ded7af470','aa068db8-0a06-4e19-b84d-e2ab7ad07cb9'),('15e65aee-08b8-11f0-81e2-1a4ded7af470','fb3cafa5-f938-4c86-806a-74c00f19ef91'),('15e7227b-08b8-11f0-81e2-1a4ded7af470','2a76a540-b5b9-4dab-aff8-30d7d89f6049'),('15e7227b-08b8-11f0-81e2-1a4ded7af470','6191a975-52a9-4e72-b567-6bcaa8e4905f'),('15e7227b-08b8-11f0-81e2-1a4ded7af470','c4b16ba6-5d5e-476c-9575-67fe004fea9e'),('15e7227b-08b8-11f0-81e2-1a4ded7af470','d3f84290-4ac5-45f2-ad48-2e97dd797d86'),('15e7a1f3-08b8-11f0-81e2-1a4ded7af470','1d73e809-ab3a-4270-9d56-65f9188a67f6'),('15e7a1f3-08b8-11f0-81e2-1a4ded7af470','d661985e-e777-4a50-918d-9130bb8e6270'),('15e9a1ba-08b8-11f0-81e2-1a4ded7af470','4131e333-9b8a-40c8-afa4-7edbeaab7648'),('15eb22a2-08b8-11f0-81e2-1a4ded7af470','6086bbc3-6e96-401b-89a6-da4a8b158826'),('15eb22a2-08b8-11f0-81e2-1a4ded7af470','d56ef9ef-3032-4906-af75-9433317b192b'),('15fc89b6-08b8-11f0-81e2-1a4ded7af470','3f651bd9-c751-4b76-ab38-44ca9fbc011d'),('15fc89b6-08b8-11f0-81e2-1a4ded7af470','80091a6f-cd26-4717-bb52-becd681b3e03'),('15fc89b6-08b8-11f0-81e2-1a4ded7af470','ece67cff-807e-4852-b6bd-474ca5242e0e'),('15fd8cdb-08b8-11f0-81e2-1a4ded7af470','944970d2-e43c-4252-a80b-f6ff967ffe11'),('15fd8cdb-08b8-11f0-81e2-1a4ded7af470','b749f2fc-c9c6-4e40-be18-37bdd3dc991a'),('15fe2b2a-08b8-11f0-81e2-1a4ded7af470','469101dd-2a43-41d1-ad5a-0b2678f705a7'),('15fe2b2a-08b8-11f0-81e2-1a4ded7af470','84f1761f-be7f-4fe2-b30d-bb588d77b69f'),('22f135d3-08b8-11f0-81e2-1a4ded7af470','0d4c6914-2ff8-41b7-92c2-e93c2a614f26'),('22f135d3-08b8-11f0-81e2-1a4ded7af470','35acb931-ff6d-402b-ae04-9f1c6d10b248'),('22f135d3-08b8-11f0-81e2-1a4ded7af470','76283e1b-f359-46b0-8ea2-5fb0c19d6b89'),('22f135d3-08b8-11f0-81e2-1a4ded7af470','f4b6773c-616a-459a-9076-b22073ec5f7d');
/*!40000 ALTER TABLE `debit_account_transaction` ENABLE KEYS */;
UNLOCK TABLES;

--
-- Table structure for table `parent_category`
--

DROP TABLE IF EXISTS `parent_category`;
/*!40101 SET @saved_cs_client     = @@character_set_client */;
/*!50503 SET character_set_client = utf8mb4 */;
CREATE TABLE `parent_category` (
  `id` varchar(255) NOT NULL,
  `name` varchar(255) DEFAULT NULL,
  PRIMARY KEY (`id`)
) ENGINE=InnoDB DEFAULT CHARSET=utf8mb4 COLLATE=utf8mb4_0900_ai_ci;
/*!40101 SET character_set_client = @saved_cs_client */;

--
-- Dumping data for table `parent_category`
--

LOCK TABLES `parent_category` WRITE;
/*!40000 ALTER TABLE `parent_category` DISABLE KEYS */;
INSERT INTO `parent_category` VALUES ('1598a03b-08b8-11f0-81e2-1a4ded7af470','Credit Card'),('159a0897-08b8-11f0-81e2-1a4ded7af470','Bank'),('159ac574-08b8-11f0-81e2-1a4ded7af470','Investment'),('159b5e87-08b8-11f0-81e2-1a4ded7af470','Daily Living'),('159c4194-08b8-11f0-81e2-1a4ded7af470','Entertainment'),('159cc1fb-08b8-11f0-81e2-1a4ded7af470','Health'),('159d490c-08b8-11f0-81e2-1a4ded7af470','Career'),('159ea627-08b8-11f0-81e2-1a4ded7af470','Monthly Payments'),('159f6e74-08b8-11f0-81e2-1a4ded7af470','Personal'),('15a5d200-08b8-11f0-81e2-1a4ded7af470','Transportation'),('15a6e139-08b8-11f0-81e2-1a4ded7af470','Catch-All'),('15a779a8-08b8-11f0-81e2-1a4ded7af470','Interest'),('15a81ae4-08b8-11f0-81e2-1a4ded7af470','Misc.'),('15a891cb-08b8-11f0-81e2-1a4ded7af470','Loan');
/*!40000 ALTER TABLE `parent_category` ENABLE KEYS */;
UNLOCK TABLES;

--
-- Table structure for table `transaction`
--

DROP TABLE IF EXISTS `transaction`;
/*!40101 SET @saved_cs_client     = @@character_set_client */;
/*!50503 SET character_set_client = utf8mb4 */;
CREATE TABLE `transaction` (
  `id` varchar(255) NOT NULL,
  `amount` decimal(19,2) DEFAULT NULL,
  `date` datetime(3) DEFAULT NULL,
  `description` varchar(255) DEFAULT NULL,
  PRIMARY KEY (`id`)
) ENGINE=InnoDB DEFAULT CHARSET=utf8mb4 COLLATE=utf8mb4_0900_ai_ci;
/*!40101 SET character_set_client = @saved_cs_client */;

--
-- Dumping data for table `transaction`
--

LOCK TABLES `transaction` WRITE;
/*!40000 ALTER TABLE `transaction` DISABLE KEYS */;
INSERT INTO `transaction` VALUES ('028a5e73-8c1e-4926-8308-4e964a2dc6a3',15.89,'2025-01-03 05:00:00.000','Lint Roller'),('036373e5-3053-48bf-a7ad-c3f0d9a01bd3',49.99,'2025-01-10 05:00:00.000','Verizon'),('0496a55f-5a7b-4abf-9769-38692e554abd',14.24,'2025-02-25 05:00:00.000','Prime Hydration'),('04ff1a3c-f1f1-4031-bb0c-9bb7fadc96a3',1132.71,'2025-01-15 05:00:00.000','Paycheck'),('05b85220-f6fe-4f05-8f70-0891bef71253',18.01,'2025-01-15 05:00:00.000','Spotify'),('06317292-f7f9-4c62-b12f-76c18aa4e4f1',990.26,'2025-01-07 05:00:00.000','Paycheck'),('08d0b231-40be-482d-9582-fa3b048ffda9',40.00,'2025-01-18 05:00:00.000','DRIVEEZ MD'),('0a058274-b9f9-40c4-b198-3e269471838c',169.59,'2025-01-28 05:00:00.000','SteelSeries'),('0b1dd7a7-5194-4c2e-983e-8033639795f1',36.43,'2025-01-11 05:00:00.000','WaWa'),('0d4c6914-2ff8-41b7-92c2-e93c2a614f26',597.44,'2025-01-23 05:00:00.000','1/2 Payment to 835'),('0e544453-ac26-428f-805f-3f6202945aa4',2000.00,'2025-01-15 05:00:00.000','Paycheck'),('0e8c692b-45b3-4cb6-96b4-fd0a02b0bd00',40.00,'2025-01-18 05:00:00.000','DRIVEEZ MD'),('0f9c8b76-ebbf-4d06-b487-02847d77bb07',31.79,'2025-01-25 05:00:00.000','Barebells'),('1299bfa8-32ce-436d-a0d6-59be0adf6a8e',15.89,'2025-01-11 05:00:00.000','BRG Thin Watch Band'),('1479ba7e-5604-4a07-95f1-dda11b207ea0',19.48,'2025-03-03 05:00:00.000','Satin Fitted Sheet'),('177cb495-baa8-4f83-91f8-0db78199b3d8',100.00,'2025-01-15 05:00:00.000','Paycheck'),('17baa35e-daac-4448-a87d-88b229489d27',20.94,'2025-03-02 05:00:00.000','Wonder Paws Fish Oil'),('17e7f145-6ff8-447e-b0c0-3dbc980ad06c',4.23,'2025-01-28 05:00:00.000','Nintendo'),('18e5999a-9c57-4167-88f2-7338d2c2e72b',91.14,'2025-02-01 05:00:00.000','Push Pex and Sink Drain'),('19bbcc88-dbf3-4845-847d-65b75a98668b',4584.60,'2025-02-04 05:00:00.000','PAYMENT - Thank You'),('19d4a6bf-df17-4863-9ba5-0cf6c99b71fc',95.39,'2025-02-21 05:00:00.000','Duvet Cover'),('1b17fb40-b5fc-4646-b4f5-fedde7eb3455',207.75,'2025-01-25 05:00:00.000','King Sized Frame'),('1b8910e0-fa2c-4978-9835-42706653b169',132.40,'2025-02-06 05:00:00.000','ALDI'),('1d73e809-ab3a-4270-9d56-65f9188a67f6',75.00,'2025-01-22 05:00:00.000','UMD Check Deposited'),('1d9cd9f8-6ce3-4167-9c5b-122fe09669ca',599.38,'2025-01-09 05:00:00.000','Spirit'),('1e593188-d6db-47d0-bc91-82d86e4eb82d',127.17,'2025-01-21 05:00:00.000','Prite Large Capacity Cosmetic'),('20aa1252-7be5-4f56-82de-b29d8d9f56d3',70.45,'2025-01-20 05:00:00.000','Side Brush and Water Cooler'),('21a68848-dc6b-4df7-94fe-a1e23d1df7c2',15.89,'2025-01-02 05:00:00.000','BRG Thin Watch Band'),('21e959f5-defa-4bf7-b34b-9cfea5344b9f',5897.71,'2025-01-04 05:00:00.000','PAYMENT - Thank You'),('23109493-eefb-4823-8ee6-fc9b6835560e',22.87,'2025-01-18 05:00:00.000','TESLA Supercharger'),('240450ef-11d5-42b0-a6bd-e0c0f1f9aa96',19.03,'2025-02-15 05:00:00.000','WAL-MART 3490'),('24f18a0b-0602-4458-9ec7-79ce1e831969',154.42,'2025-01-21 05:00:00.000','USA Volleyball'),('252ae083-28b4-4e62-818e-488d777c9572',22.10,'2025-01-11 05:00:00.000','Purina Dental'),('2669d771-ae0e-4fdc-8653-c0b71c2199ed',80.00,'2025-01-14 05:00:00.000','Check #355 for In The Loop'),('28dc26b5-315d-4eef-9cb5-947f8c44a2c6',7.61,'2025-01-26 05:00:00.000','McDonalds'),('29b3760c-bc3a-414a-8c90-252d09877941',11.68,'2025-01-05 05:00:00.000','TESLA Supercharger'),('2a76a540-b5b9-4dab-aff8-30d7d89f6049',540.14,'2025-01-07 05:00:00.000','Paycheck'),('2bd773e1-1249-4948-b150-e52ead59cf1a',114.93,'2025-01-13 05:00:00.000','FIGO Pet'),('2e845391-f6dd-4e30-ba12-777bcf73030d',21.31,'2025-01-31 05:00:00.000','Cava'),('2e927335-39bc-4062-b794-3fc63dfd8836',2886.24,'2025-01-01 05:00:00.000','PAYMENT - Thank You'),('2ecb0ec9-3ba3-41f8-9c47-51ce16addad2',29.21,'2025-01-13 05:00:00.000','Charleys Philly Steaks'),('2f630fe4-0300-4ffe-ad0f-9ec8b92e7091',112.00,'2025-01-30 05:00:00.000','Horizon Dental'),('2fa123c8-3b01-467c-84d2-a4763e255e96',42.29,'2025-02-01 05:00:00.000','Forious Faucet'),('2fe697db-cf8d-4a2a-b939-60edb364a21e',22.10,'2025-01-26 05:00:00.000','Purina Dental'),('317d9b44-3666-4897-9596-c0e322cef30d',797.38,'2025-01-30 05:00:00.000','Paycheck'),('328c5cc2-5cdc-4293-aa6d-d4cea4c1670f',196.00,'2025-02-04 05:00:00.000','PAYMENT - Thank You'),('33176baa-86aa-425c-bb2f-911977dfc53b',61.16,'2025-02-06 05:00:00.000','Hair Accessories'),('33b2893a-0dc7-40c8-b90f-2f19952a87ee',2238.11,'2025-01-01 05:00:00.000','Samsung 77 Inch'),('34d91908-f929-44a7-9f09-9b450e699ec4',145.00,'2025-01-23 05:00:00.000','Merry Maids'),('35acb931-ff6d-402b-ae04-9f1c6d10b248',15000.00,'2025-01-23 00:00:00.000','Transfer'),('375f6279-c2d7-4588-a9a1-0d751a6bb030',12.22,'2025-02-10 05:00:00.000','Purina DentaLife'),('379d3b84-7ab4-4571-a12d-7dbe78856b29',50.45,'2025-01-04 05:00:00.000','Mounting Dream Mount'),('396778ad-d86d-4666-9d2c-115239745841',35.94,'2025-02-19 05:00:00.000','PAYMENT - Thank You'),('3f651bd9-c751-4b76-ab38-44ca9fbc011d',63.59,'2025-02-02 05:00:00.000','Rainbow Womens refund'),('4131e333-9b8a-40c8-afa4-7edbeaab7648',11.32,'2025-01-31 05:00:00.000','Monthly Interest Paid'),('4154986f-0a53-4049-92f8-d4f4a12928bd',100.00,'2025-01-30 05:00:00.000','Paycheck'),('441f8bea-4e61-4b91-bb1f-1df2b179dc6e',100.00,'2025-01-16 05:00:00.000','HairStation'),('469101dd-2a43-41d1-ad5a-0b2678f705a7',264.98,'2025-03-02 05:00:00.000','Refund for king bed frame'),('470bed9e-a498-4a56-a6e8-e6cb3cd07e9f',9.34,'2025-02-01 05:00:00.000','Neutrogena Deep Clean'),('490ac2f8-0b76-4a44-b4d2-ae615d208292',81.85,'2025-01-07 05:00:00.000','Paycheck'),('494f4657-8260-4825-83bc-f65db8187944',19.46,'2025-01-20 05:00:00.000','TESLA Supercharger'),('4b9dc72e-6c08-47c2-8f91-e8cec63ad738',199.40,'2025-01-27 05:00:00.000','VCA ANIMAL Hosp'),('4bd01685-3793-4d5c-8e70-c018f42f7015',808.45,'2025-01-02 05:00:00.000','Paycheck'),('4c49416a-02ee-4374-ba9a-63aa01eb70cb',1649.66,'2025-02-04 05:00:00.000','PAYMENT - Thank You'),('4c8ec1b8-c038-469b-a8e3-cb83b05dfed8',12.71,'2025-01-19 05:00:00.000','Apple (ESPN+ Sub)'),('4c94878d-dd74-4dde-9425-a82c3e477067',19.03,'2025-01-02 05:00:00.000','Wonder Paws'),('4fdb9645-3bda-4f65-94e4-95523e30c887',321.45,'2025-01-04 05:00:00.000','PAYMENT - Thank You'),('4fe0285b-2370-4f2e-b2fc-47f58cb92b62',316.45,'2025-01-06 05:00:00.000','PAYMENT - Thank You'),('509d6a8b-1278-4dba-91ca-c5574857492e',2000.00,'2025-01-20 05:00:00.000','Paycheck'),('542078b1-2fed-4786-983b-64c72054922a',2000.00,'2025-01-21 05:00:00.000','Paycheck'),('54a8f2f5-9141-4ef8-a540-86874df0274c',23.74,'2025-01-18 05:00:00.000','Prime Hydration'),('55ec6c26-9b89-4b04-8576-2bee410ce530',248.72,'2025-02-04 05:00:00.000','PAYMENT - Thank You'),('566de040-8fd2-465c-9942-f17cd0aa8376',42.57,'2025-01-25 05:00:00.000','Adli'),('57a9a85b-baf9-47c5-be58-93d8f7df87d7',507.31,'2025-01-24 05:00:00.000','PAYMENT - Thank You'),('5ac0d0b8-c506-41d8-937b-7e7332dc6986',36.03,'2025-02-03 05:00:00.000','Camper Leveler'),('5addfd28-1a8b-41b8-9180-d4f2908ef646',42.13,'2025-02-04 05:00:00.000','PAYMENT - Thank You'),('5bca5ec6-6961-4bdb-b36f-58140656eec4',2.99,'2025-01-07 05:00:00.000','Apple'),('5c39840e-53e7-4892-baa4-072b2ed89de5',29.00,'2025-01-16 05:00:00.000','Late Fee'),('6086bbc3-6e96-401b-89a6-da4a8b158826',2.00,'2025-01-31 05:00:00.000','Monthly Interest Paid'),('6191a975-52a9-4e72-b567-6bcaa8e4905f',540.14,'2025-01-22 05:00:00.000','Paycheck'),('636e8e41-3e8b-406d-acda-cdab1c9a43a5',301.49,'2025-01-02 05:00:00.000','BALTIMORE GAS AN'),('6371c8a6-3faf-4ab8-9943-db2711069a49',14.24,'2025-02-08 05:00:00.000','Prime Hydration'),('63d6fab8-56ae-4f85-b674-954626c53a36',21.19,'2025-03-02 05:00:00.000','Lavazza Super Crema'),('64960e75-a162-4e81-a66d-3544660ccf7f',26.13,'2025-01-11 05:00:00.000','Cava'),('64fa7795-8542-4a36-abd7-976016bbf458',99.00,'2025-03-06 05:00:00.000','Instacart '),('676bcf46-1531-4e16-9d83-2b21425d5499',13.77,'2025-01-02 05:00:00.000','Weis'),('67c0efe1-00ff-499f-86dd-910d96d6d82a',145.00,'2025-01-09 05:00:00.000','Merry Maids'),('67f07110-ab53-4dcf-b061-b59f4bc84294',10.59,'2025-02-02 05:00:00.000','Faucet Adapter Kit'),('685bd7ed-5c8a-485f-9af6-a789e000def5',4.98,'2025-01-06 05:00:00.000','Sheetz'),('688bae69-fc23-450f-97c6-7e25be02cfcf',1581.06,'2025-02-04 05:00:00.000','PAYMENT - Thank You'),('689d3f81-5867-4331-94f6-4b71637ca9ed',5721.82,'2025-01-18 05:00:00.000','PAYMENT - Thank You'),('6af3eae8-5fa5-4ce1-91ad-41dde4592977',40.00,'2025-01-21 05:00:00.000','DRIVEEZ MD'),('6c220699-50fb-4758-b5a8-ed643226e84b',523.59,'2025-01-12 05:00:00.000','COSTCO WHSE'),('6c61aaeb-202d-40fa-ab7c-33ce6783a21d',4.26,'2025-01-13 05:00:00.000','CVS Pharmacy'),('6cb4121a-3526-465b-868e-fce3fd698a15',30.00,'2025-01-21 05:00:00.000','Venmod Heidi for league'),('7135fbce-a829-4019-ae50-149b804e4729',26.98,'2025-02-20 05:00:00.000','Quest Nutrition Chips'),('72657a4d-12e9-426d-8e17-7f12d2e46459',444.65,'2025-01-09 05:00:00.000','El Blok'),('73a5d85f-a9c2-486c-8211-7861a784be69',99.63,'2025-01-27 05:00:00.000','Chewy'),('7419cdeb-a41e-46b7-8110-15e2fc6f8256',14.58,'2025-01-22 05:00:00.000','Paypal to G2A.Com for excel'),('7522c6e0-ec4c-4c8b-92f0-97d183aa009b',37.10,'2025-01-31 05:00:00.000','Under Armour Clothing'),('7539cb02-9cae-4513-94f2-2abd421ccff6',28.87,'2025-01-20 05:00:00.000','Wawa'),('75d7041b-5973-47d0-a08b-d1939849e520',21.19,'2025-02-08 05:00:00.000','Winter Waterproof Gloves'),('76283e1b-f359-46b0-8ea2-5fb0c19d6b89',597.44,'2025-01-07 05:00:00.000','1/2 Payment to 835'),('76c884d4-b927-4b10-9781-0b107fde6049',650.00,'2025-01-02 05:00:00.000','Paycheck'),('7752a9c9-2886-4ead-8903-bbd1fa9a6f28',23.74,'2025-01-02 05:00:00.000','Prime Hydration'),('7866d9d1-b72f-400c-b028-7d3fc0c00572',196.00,'2025-01-12 05:00:00.000','COSTCO WHSE'),('7aba4e69-159b-4c16-961f-240d34bad1c1',30.00,'2025-01-06 05:00:00.000','Venmod Heidi for league'),('7ac1c881-9ff2-4cb2-a88b-03280cfc282f',12.30,'2025-01-15 05:00:00.000','Jersey Mike\'s Subs'),('7b19dc1e-f318-4dd4-9f4a-259842807e9e',140.68,'2025-01-29 05:00:00.000','Neuro Diagnostics'),('7c0cd3a3-79d4-4390-922e-66643627d75a',50.82,'2025-01-12 05:00:00.000','Refund for Clothes'),('7df8d1a4-0027-4db6-877f-7f978bc43937',8.61,'2025-02-21 05:00:00.000','Bike Crank'),('7e0ad75f-0495-44eb-8871-553a14a5e9ea',2000.00,'2025-01-06 05:00:00.000','Paycheck'),('7f97d640-81e9-4efe-a610-1059cb532078',8.99,'2025-01-10 05:00:00.000','Emergen-C'),('80091a6f-cd26-4717-bb52-becd681b3e03',21.19,'2025-02-24 05:00:00.000','refund long sleeve'),('80768a28-ddf7-44c2-89e2-8470e5fd4d19',2000.00,'2025-01-29 05:00:00.000','Paycheck'),('83243359-1f75-4bc0-94d2-e437bdae32c6',27.55,'2025-02-21 05:00:00.000','Duvet Cover'),('839a1327-5758-4d8a-944c-1b9b031dbd4c',104.51,'2025-01-28 05:00:00.000','Chewy'),('843a501b-4b73-42f4-8ffe-ce7fd7c725be',13.35,'2025-02-10 05:00:00.000','Beanie Hat'),('84aaad84-1fdd-40b0-b773-0340d30cac20',71.68,'2025-01-08 05:00:00.000','Various OTC Drugs'),('84f1761f-be7f-4fe2-b30d-bb588d77b69f',23.74,'2025-02-01 05:00:00.000','Refund'),('86036d38-66ca-4007-b31a-027b9d8f0d50',797.08,'2025-01-16 05:00:00.000','Paycheck'),('86463237-2866-4d04-b3c0-3c0243e7a1db',6.39,'2025-01-18 05:00:00.000','AG Travel Plaza'),('88695927-e2c5-4bc9-b67e-6326f619853a',266.00,'2025-01-24 05:00:00.000','AMTRAK'),('8b003106-93fb-451e-ade0-b36cd9676431',31.15,'2025-02-17 05:00:00.000','Foaming Hand Soap'),('8b3a3fdc-8ce6-4981-bbab-14a99041ed6b',73.03,'2025-01-08 05:00:00.000','AirBnB'),('8dac5ba1-3b57-4c39-9e0d-a8d70c3ff9ce',20.41,'2025-02-21 05:00:00.000','Nail Polish'),('8f63363a-7a44-49d3-92eb-88af99095ae7',990.26,'2025-01-22 05:00:00.000','Paycheck'),('8fe64109-810f-418f-8d98-0b459f8192e4',30.00,'2025-01-13 05:00:00.000','Venmod Heidi for league'),('900fc906-34ba-46ec-adcd-6cf3ea89d168',2.99,'2025-01-27 05:00:00.000','Apple.com Bill'),('912e672b-0479-4178-9c29-bdaa0e18ddc7',46.55,'2025-02-11 05:00:00.000','Jelly Belly and other stuff'),('91a67603-7caa-493d-b986-2e9dba1805e5',20.94,'2025-02-02 05:00:00.000','Wonder Paws Fish Oil'),('933b37e8-5526-48c8-89a8-396d385fc13e',25.41,'2025-02-09 05:00:00.000','SAFEWAY'),('944970d2-e43c-4252-a80b-f6ff967ffe11',148.29,'2025-02-01 05:00:00.000','Garmin Refund'),('95d1ed46-8bd4-4b44-aae0-e5abe5d9c6bf',23.75,'2025-01-29 05:00:00.000','CareSense Blood Glucose'),('974ee7e3-1f79-4f24-9515-2537ed994079',93.78,'2025-02-18 05:00:00.000','Wedding Clothing'),('9a622d6a-8bbc-4045-b274-890a8607ab69',52.27,'2025-02-25 05:00:00.000','Lavazza Super Crema & Soniccare'),('9ced6530-0a07-4834-8fa3-f1d42e4d4e7b',4537.69,'2025-02-04 05:00:00.000','PAYMENT - Thank You'),('a0c0535c-20f1-4964-b0a8-4754e5e13c1e',43.68,'2025-01-04 05:00:00.000','Sheetz'),('a39dbf0e-9a38-4ea6-a48f-054e86599023',13.30,'2025-02-24 05:00:00.000','Thorne Iron'),('a5012744-25f4-4463-97dc-1f18bd5c7b9f',19.07,'2025-03-06 05:00:00.000','Halatool Seed Starter'),('a92c6600-d9e3-4c08-9267-8edd6a1397cd',84.80,'2025-01-19 05:00:00.000','Nike'),('aa068db8-0a06-4e19-b84d-e2ab7ad07cb9',241.71,'2025-01-22 05:00:00.000','Paycheck'),('abe988e5-2d06-4bf7-b840-bf2ff8e226c5',1132.71,'2025-01-30 05:00:00.000','Paycheck'),('ad452b11-f9ee-40a5-8cb3-70df6395d718',148.29,'2025-01-16 05:00:00.000','Garmin (For Ward)'),('adc0c056-375c-4203-8c11-7d5f84eed842',21.19,'2025-02-02 05:00:00.000','Lavazza Super Crema'),('afab5b39-341d-483c-9792-36dc41d0a447',16.00,'2025-01-28 05:00:00.000','Highs of Baltimore'),('b0b529b5-d281-4916-a684-b29f26f3b875',63.59,'2025-01-26 05:00:00.000','Rainbow Sandals'),('b1000020-0465-4597-a921-3d2427a120b0',21.19,'2025-02-22 05:00:00.000','Long Sleeve Linen'),('b1b4ff0d-de97-46b6-9e21-04212d220ef6',10.59,'2025-03-05 05:00:00.000','Foldable MultiPlug Outlet'),('b245909e-c492-449f-bf5f-26198a08665f',100.00,'2025-01-02 05:00:00.000','Paycheck'),('b42beb42-e45a-4794-a709-4ae16b18dd05',28.56,'2025-01-24 05:00:00.000','Barebells'),('b44a7049-254b-42c5-99d3-778351a4f079',132.06,'2025-01-22 05:00:00.000','Capital Healthcare'),('b61ca4e6-96b7-45b2-b3c0-6ee6c3505ba9',14.00,'2025-01-27 05:00:00.000','USA VOlleyball'),('b690a5db-c0fc-4c3f-bd27-d51909e0fb63',83.04,'2025-01-10 05:00:00.000','Sheets'),('b749f2fc-c9c6-4e40-be18-37bdd3dc991a',150.00,'2025-01-16 05:00:00.000','Jeanine gave us money for Wards Gift'),('ba14f2b0-253b-46c6-a710-c1a336ac60d7',13.30,'2025-01-04 05:00:00.000','THORNE Supplements'),('bd08ab95-562a-48ed-8eb3-0ee3410cd064',859.02,'2025-01-01 05:00:00.000','PAYMENT - Thank You'),('be2e98ce-ee88-4745-9df6-72cffa9da928',25.44,'2025-02-17 05:00:00.000','Nail Polish'),('c1c22131-1d6f-4fd0-9a36-8101a2dc58df',8.99,'2025-02-03 05:00:00.000','SAFEWAY'),('c2179fb4-96ea-494e-b1fc-a480db483825',158.36,'2025-01-09 05:00:00.000','SQ *MISSION ESCAPE'),('c4b16ba6-5d5e-476c-9575-67fe004fea9e',93.75,'2025-01-07 05:00:00.000','Paycheck'),('c51dcabd-5a20-4793-ae18-789c663772b0',100.20,'2025-01-03 05:00:00.000','Anejo Rose Cantina'),('c5bebab3-4564-4bb3-a044-d1e4e7faaa88',11.75,'2025-01-05 05:00:00.000','TESLA Supercharger'),('ce3a3de4-1033-48de-89ab-778fbddeda65',10.95,'2025-01-21 05:00:00.000','VI-COVERAGE'),('cebcb113-a4c3-49a3-9f84-690e4ccc815e',52.85,'2025-01-17 05:00:00.000','PAYMENT - Thank You'),('cf9cc664-c3b7-4a83-a2ee-da5507ca26b6',26.95,'2025-02-02 05:00:00.000','WAL-MART 3490'),('d26474c5-5bce-41c6-9eb5-215a988794af',70.00,'2025-01-24 05:00:00.000','RIO Grand BAR'),('d3e38a4a-881f-4602-8c41-101d5f8c8241',24.29,'2025-01-26 05:00:00.000','Quest Protien Chips'),('d3f84290-4ac5-45f2-ad48-2e97dd797d86',93.75,'2025-01-22 05:00:00.000','Paycheck'),('d56ef9ef-3032-4906-af75-9433317b192b',2.78,'2025-01-31 05:00:00.000','Dividend: Dividend'),('d5d73a24-8299-4312-af94-4693ced1cc8c',137.80,'2025-01-03 05:00:00.000','Nike'),('d661985e-e777-4a50-918d-9130bb8e6270',40.00,'2025-01-22 05:00:00.000','Strive Check Deposited'),('dabad182-cc30-4fd5-8571-e35cca129890',2487.68,'2025-01-02 05:00:00.000','PENNYMAC'),('de10c10d-f510-4896-accb-cb86c8adf5b7',10.00,'2025-01-25 05:00:00.000','Caremark'),('e2f93e85-30a0-4a35-a26d-41cd263196a3',7.17,'2025-01-05 05:00:00.000','Sheetz'),('e302ddaf-87e7-485d-a25a-d54a5acab297',119.00,'2025-01-30 05:00:00.000','Horizon Dental'),('e470757d-c180-49ab-9607-65b60c535f5b',140.97,'2025-01-12 05:00:00.000','VetSource'),('e542e7b1-8a34-4204-a182-9309c86ab04d',95.14,'2025-02-15 05:00:00.000','Under Armour Clothing'),('e8d19842-6129-4a79-9a09-74fd2ff2f32c',198.00,'2025-01-09 05:00:00.000','Vieques Air Link'),('eb2b8824-fbbf-433d-a8af-4a9282051a3d',16.58,'2025-02-24 05:00:00.000','Purina DentaLife'),('ec3e0a17-5358-4454-b4a9-06f5ea0db9ae',30.00,'2025-01-27 05:00:00.000','Venmod Heidi for league'),('ecb5a953-4d0e-41af-90c0-34138f54e2c1',24.12,'2025-01-02 05:00:00.000','Baltimore Tea & Coffee'),('ece67cff-807e-4852-b6bd-474ca5242e0e',137.80,'2025-01-12 05:00:00.000','Refund for Nike'),('f1718416-876d-47e1-9a3c-350095a0be6c',69.17,'2025-01-11 05:00:00.000','CHEWY'),('f2af1acc-8f8c-4a65-8465-0c65d6125f4a',10.57,'2025-01-14 05:00:00.000','Extra Thick Flexible Cutting Board'),('f35665d8-b040-4c48-ab7d-ac89f7739e5a',34.26,'2025-01-22 05:00:00.000','All Mighty Pacs'),('f3769d10-7337-45da-b4c1-a4f0182bbf1a',1132.71,'2025-01-02 05:00:00.000','Paycheck'),('f4b6773c-616a-459a-9076-b22073ec5f7d',1700.00,'2025-01-08 05:00:00.000','Transfer to 4497'),('f8674d47-ad4f-4d69-95cf-4a253a242dec',23.75,'2025-01-04 05:00:00.000','Lavazza Super Crema'),('f9d7f1c6-101c-4113-91bb-79876624e881',3638.27,'2025-02-01 05:00:00.000','PAYMENT - Thank You'),('fa7a6943-12a5-4980-9cba-d29ff5548bd2',2000.00,'2025-01-02 05:00:00.000','Paycheck'),('fb3cafa5-f938-4c86-806a-74c00f19ef91',2000.00,'2025-01-05 05:00:00.000','Paycheck'),('fb709661-c839-4ee9-aa54-8501f86388df',15.81,'2025-02-11 05:00:00.000','Dry Shampoo'),('fe624246-e3c8-4c7c-92b4-c228731523c0',55.90,'2025-01-02 05:00:00.000','2nd Ave');
/*!40000 ALTER TABLE `transaction` ENABLE KEYS */;
UNLOCK TABLES;
/*!40103 SET TIME_ZONE=@OLD_TIME_ZONE */;

/*!40101 SET SQL_MODE=@OLD_SQL_MODE */;
/*!40014 SET FOREIGN_KEY_CHECKS=@OLD_FOREIGN_KEY_CHECKS */;
/*!40014 SET UNIQUE_CHECKS=@OLD_UNIQUE_CHECKS */;
/*!40101 SET CHARACTER_SET_CLIENT=@OLD_CHARACTER_SET_CLIENT */;
/*!40101 SET CHARACTER_SET_RESULTS=@OLD_CHARACTER_SET_RESULTS */;
/*!40101 SET COLLATION_CONNECTION=@OLD_COLLATION_CONNECTION */;
/*!40111 SET SQL_NOTES=@OLD_SQL_NOTES */;

-- Dump completed on 2025-03-24 15:03:44
